/*
SQLyog Ultimate v9.62 
MySQL - 8.0.19 : Database - apolloconfigdb
*********************************************************************
*/

/*!40101 SET NAMES utf8 */;

/*!40101 SET SQL_MODE=''*/;

/*!40014 SET @OLD_UNIQUE_CHECKS=@@UNIQUE_CHECKS, UNIQUE_CHECKS=0 */;
/*!40014 SET @OLD_FOREIGN_KEY_CHECKS=@@FOREIGN_KEY_CHECKS, FOREIGN_KEY_CHECKS=0 */;
/*!40101 SET @OLD_SQL_MODE=@@SQL_MODE, SQL_MODE='NO_AUTO_VALUE_ON_ZERO' */;
/*!40111 SET @OLD_SQL_NOTES=@@SQL_NOTES, SQL_NOTES=0 */;
CREATE DATABASE /*!32312 IF NOT EXISTS*/`apolloconfigdb` /*!40100 DEFAULT CHARACTER SET utf8mb4 COLLATE utf8mb4_0900_ai_ci */ /*!80016 DEFAULT ENCRYPTION='N' */;

USE `apolloconfigdb`;

/*Table structure for table `accesskey` */

DROP TABLE IF EXISTS `accesskey`;

CREATE TABLE `accesskey` (
  `Id` int unsigned NOT NULL AUTO_INCREMENT COMMENT '自增主键',
  `AppId` varchar(500) NOT NULL DEFAULT 'default' COMMENT 'AppID',
  `Secret` varchar(128) NOT NULL DEFAULT '' COMMENT 'Secret',
  `IsEnabled` bit(1) NOT NULL DEFAULT b'0' COMMENT '1: enabled, 0: disabled',
  `IsDeleted` bit(1) NOT NULL DEFAULT b'0' COMMENT '1: deleted, 0: normal',
  `DataChange_CreatedBy` varchar(64) NOT NULL DEFAULT 'default' COMMENT '创建人邮箱前缀',
  `DataChange_CreatedTime` timestamp NOT NULL DEFAULT CURRENT_TIMESTAMP COMMENT '创建时间',
  `DataChange_LastModifiedBy` varchar(64) DEFAULT '' COMMENT '最后修改人邮箱前缀',
  `DataChange_LastTime` timestamp NOT NULL DEFAULT CURRENT_TIMESTAMP ON UPDATE CURRENT_TIMESTAMP COMMENT '最后修改时间',
  PRIMARY KEY (`Id`),
  KEY `AppId` (`AppId`(191)),
  KEY `DataChange_LastTime` (`DataChange_LastTime`)
) ENGINE=InnoDB DEFAULT CHARSET=utf8mb4 COLLATE=utf8mb4_0900_ai_ci COMMENT='访问密钥';

/*Data for the table `accesskey` */

/*Table structure for table `app` */

DROP TABLE IF EXISTS `app`;

CREATE TABLE `app` (
  `Id` int unsigned NOT NULL AUTO_INCREMENT COMMENT '主键',
  `AppId` varchar(500) NOT NULL DEFAULT 'default' COMMENT 'AppID',
  `Name` varchar(500) NOT NULL DEFAULT 'default' COMMENT '应用名',
  `OrgId` varchar(32) NOT NULL DEFAULT 'default' COMMENT '部门Id',
  `OrgName` varchar(64) NOT NULL DEFAULT 'default' COMMENT '部门名字',
  `OwnerName` varchar(500) NOT NULL DEFAULT 'default' COMMENT 'ownerName',
  `OwnerEmail` varchar(500) NOT NULL DEFAULT 'default' COMMENT 'ownerEmail',
  `IsDeleted` bit(1) NOT NULL DEFAULT b'0' COMMENT '1: deleted, 0: normal',
  `DataChange_CreatedBy` varchar(64) NOT NULL DEFAULT 'default' COMMENT '创建人邮箱前缀',
  `DataChange_CreatedTime` timestamp NOT NULL DEFAULT CURRENT_TIMESTAMP COMMENT '创建时间',
  `DataChange_LastModifiedBy` varchar(64) DEFAULT '' COMMENT '最后修改人邮箱前缀',
  `DataChange_LastTime` timestamp NULL DEFAULT CURRENT_TIMESTAMP ON UPDATE CURRENT_TIMESTAMP COMMENT '最后修改时间',
  PRIMARY KEY (`Id`),
  KEY `AppId` (`AppId`(191)),
  KEY `DataChange_LastTime` (`DataChange_LastTime`),
  KEY `IX_Name` (`Name`(191))
) ENGINE=InnoDB AUTO_INCREMENT=3 DEFAULT CHARSET=utf8mb4 COLLATE=utf8mb4_0900_ai_ci COMMENT='应用表';

/*Data for the table `app` */

insert  into `app`(`Id`,`AppId`,`Name`,`OrgId`,`OrgName`,`OwnerName`,`OwnerEmail`,`IsDeleted`,`DataChange_CreatedBy`,`DataChange_CreatedTime`,`DataChange_LastModifiedBy`,`DataChange_LastTime`) values (1,'SampleApp','Sample App','TEST1','样例部门1','apollo','apollo@acme.com','\0','default','2022-01-07 15:41:55','','2022-01-07 15:41:55'),(2,'springboot-gateway','springboot-gateway','TEST1','样例部门1','apollo','apollo@acme.com','\0','apollo','2022-01-07 15:59:03','apollo','2022-01-07 15:59:03');

/*Table structure for table `appnamespace` */

DROP TABLE IF EXISTS `appnamespace`;

CREATE TABLE `appnamespace` (
  `Id` int unsigned NOT NULL AUTO_INCREMENT COMMENT '自增主键',
  `Name` varchar(32) NOT NULL DEFAULT '' COMMENT 'namespace名字，注意，需要全局唯一',
  `AppId` varchar(64) NOT NULL DEFAULT '' COMMENT 'app id',
  `Format` varchar(32) NOT NULL DEFAULT 'properties' COMMENT 'namespace的format类型',
  `IsPublic` bit(1) NOT NULL DEFAULT b'0' COMMENT 'namespace是否为公共',
  `Comment` varchar(64) NOT NULL DEFAULT '' COMMENT '注释',
  `IsDeleted` bit(1) NOT NULL DEFAULT b'0' COMMENT '1: deleted, 0: normal',
  `DataChange_CreatedBy` varchar(64) NOT NULL DEFAULT 'default' COMMENT '创建人邮箱前缀',
  `DataChange_CreatedTime` timestamp NOT NULL DEFAULT CURRENT_TIMESTAMP COMMENT '创建时间',
  `DataChange_LastModifiedBy` varchar(64) DEFAULT '' COMMENT '最后修改人邮箱前缀',
  `DataChange_LastTime` timestamp NULL DEFAULT CURRENT_TIMESTAMP ON UPDATE CURRENT_TIMESTAMP COMMENT '最后修改时间',
  PRIMARY KEY (`Id`),
  KEY `IX_AppId` (`AppId`),
  KEY `Name_AppId` (`Name`,`AppId`),
  KEY `DataChange_LastTime` (`DataChange_LastTime`)
) ENGINE=InnoDB AUTO_INCREMENT=3 DEFAULT CHARSET=utf8mb4 COLLATE=utf8mb4_0900_ai_ci COMMENT='应用namespace定义';

/*Data for the table `appnamespace` */

insert  into `appnamespace`(`Id`,`Name`,`AppId`,`Format`,`IsPublic`,`Comment`,`IsDeleted`,`DataChange_CreatedBy`,`DataChange_CreatedTime`,`DataChange_LastModifiedBy`,`DataChange_LastTime`) values (1,'application','SampleApp','properties','\0','default app namespace','\0','default','2022-01-07 15:41:55','','2022-01-07 15:41:55'),(2,'application','springboot-gateway','properties','\0','default app namespace','\0','apollo','2022-01-07 15:59:04','apollo','2022-01-07 15:59:04');

/*Table structure for table `audit` */

DROP TABLE IF EXISTS `audit`;

CREATE TABLE `audit` (
  `Id` int unsigned NOT NULL AUTO_INCREMENT COMMENT '主键',
  `EntityName` varchar(50) NOT NULL DEFAULT 'default' COMMENT '表名',
  `EntityId` int unsigned DEFAULT NULL COMMENT '记录ID',
  `OpName` varchar(50) NOT NULL DEFAULT 'default' COMMENT '操作类型',
  `Comment` varchar(500) DEFAULT NULL COMMENT '备注',
  `IsDeleted` bit(1) NOT NULL DEFAULT b'0' COMMENT '1: deleted, 0: normal',
  `DataChange_CreatedBy` varchar(64) NOT NULL DEFAULT 'default' COMMENT '创建人邮箱前缀',
  `DataChange_CreatedTime` timestamp NOT NULL DEFAULT CURRENT_TIMESTAMP COMMENT '创建时间',
  `DataChange_LastModifiedBy` varchar(64) DEFAULT '' COMMENT '最后修改人邮箱前缀',
  `DataChange_LastTime` timestamp NULL DEFAULT CURRENT_TIMESTAMP ON UPDATE CURRENT_TIMESTAMP COMMENT '最后修改时间',
  PRIMARY KEY (`Id`),
  KEY `DataChange_LastTime` (`DataChange_LastTime`)
) ENGINE=InnoDB AUTO_INCREMENT=221 DEFAULT CHARSET=utf8mb4 COLLATE=utf8mb4_0900_ai_ci COMMENT='日志审计表';

/*Data for the table `audit` */

insert  into `audit`(`Id`,`EntityName`,`EntityId`,`OpName`,`Comment`,`IsDeleted`,`DataChange_CreatedBy`,`DataChange_CreatedTime`,`DataChange_LastModifiedBy`,`DataChange_LastTime`) values (1,'App',2,'INSERT',NULL,'\0','apollo','2022-01-07 15:59:04',NULL,'2022-01-07 15:59:04'),(2,'AppNamespace',2,'INSERT',NULL,'\0','apollo','2022-01-07 15:59:04',NULL,'2022-01-07 15:59:04'),(3,'Cluster',2,'INSERT',NULL,'\0','apollo','2022-01-07 15:59:04',NULL,'2022-01-07 15:59:04'),(4,'Namespace',2,'INSERT',NULL,'\0','apollo','2022-01-07 15:59:04',NULL,'2022-01-07 15:59:04'),(5,'Item',2,'INSERT',NULL,'\0','apollo','2022-01-07 16:17:42',NULL,'2022-01-07 16:17:42'),(6,'Item',3,'INSERT',NULL,'\0','apollo','2022-01-07 16:17:42',NULL,'2022-01-07 16:17:42'),(7,'Item',4,'INSERT',NULL,'\0','apollo','2022-01-07 16:17:42',NULL,'2022-01-07 16:17:42'),(8,'Item',5,'INSERT',NULL,'\0','apollo','2022-01-07 16:17:42',NULL,'2022-01-07 16:17:42'),(9,'Item',6,'INSERT',NULL,'\0','apollo','2022-01-07 16:17:42',NULL,'2022-01-07 16:17:42'),(10,'ItemSet',NULL,'INSERT',NULL,'\0','apollo','2022-01-07 16:17:42',NULL,'2022-01-07 16:17:42'),(11,'Release',2,'INSERT',NULL,'\0','apollo','2022-01-07 16:17:49',NULL,'2022-01-07 16:17:49'),(12,'ReleaseHistory',2,'INSERT',NULL,'\0','apollo','2022-01-07 16:17:49',NULL,'2022-01-07 16:17:49'),(13,'Item',7,'INSERT',NULL,'\0','apollo','2022-01-19 16:58:00',NULL,'2022-01-19 16:58:00'),(14,'Item',8,'INSERT',NULL,'\0','apollo','2022-01-19 16:58:29',NULL,'2022-01-19 16:58:29'),(15,'Item',8,'DELETE',NULL,'\0','apollo','2022-01-19 16:59:29',NULL,'2022-01-19 16:59:29'),(16,'Item',7,'DELETE',NULL,'\0','apollo','2022-01-19 16:59:29',NULL,'2022-01-19 16:59:29'),(17,'ItemSet',NULL,'DELETE',NULL,'\0','apollo','2022-01-19 16:59:29',NULL,'2022-01-19 16:59:29'),(18,'Release',3,'INSERT',NULL,'\0','apollo','2022-01-19 16:59:33',NULL,'2022-01-19 16:59:33'),(19,'ReleaseHistory',3,'INSERT',NULL,'\0','apollo','2022-01-19 16:59:33',NULL,'2022-01-19 16:59:33'),(20,'Item',9,'INSERT',NULL,'\0','apollo','2022-01-19 17:02:46',NULL,'2022-01-19 17:02:46'),(21,'Item',10,'INSERT',NULL,'\0','apollo','2022-01-19 17:02:47',NULL,'2022-01-19 17:02:47'),(22,'Item',11,'INSERT',NULL,'\0','apollo','2022-01-19 17:02:47',NULL,'2022-01-19 17:02:47'),(23,'Item',12,'INSERT',NULL,'\0','apollo','2022-01-19 17:02:47',NULL,'2022-01-19 17:02:47'),(24,'Item',12,'DELETE',NULL,'\0','apollo','2022-01-19 18:03:07',NULL,'2022-01-19 18:03:07'),(25,'Item',10,'DELETE',NULL,'\0','apollo','2022-01-19 18:03:07',NULL,'2022-01-19 18:03:07'),(26,'Item',9,'DELETE',NULL,'\0','apollo','2022-01-19 18:03:07',NULL,'2022-01-19 18:03:07'),(27,'Item',11,'DELETE',NULL,'\0','apollo','2022-01-19 18:03:07',NULL,'2022-01-19 18:03:07'),(28,'ItemSet',NULL,'DELETE',NULL,'\0','apollo','2022-01-19 18:03:07',NULL,'2022-01-19 18:03:07'),(29,'Release',4,'INSERT',NULL,'\0','apollo','2022-01-19 18:03:11',NULL,'2022-01-19 18:03:11'),(30,'ReleaseHistory',4,'INSERT',NULL,'\0','apollo','2022-01-19 18:03:11',NULL,'2022-01-19 18:03:11'),(31,'Item',13,'INSERT',NULL,'\0','apollo','2022-01-19 18:20:36',NULL,'2022-01-19 18:20:36'),(32,'Item',14,'INSERT',NULL,'\0','apollo','2022-01-19 18:20:36',NULL,'2022-01-19 18:20:36'),(33,'Item',15,'INSERT',NULL,'\0','apollo','2022-01-19 18:20:36',NULL,'2022-01-19 18:20:36'),(34,'Item',16,'INSERT',NULL,'\0','apollo','2022-01-19 18:20:36',NULL,'2022-01-19 18:20:36'),(35,'Release',5,'INSERT',NULL,'\0','apollo','2022-01-19 18:20:36',NULL,'2022-01-19 18:20:36'),(36,'ReleaseHistory',5,'INSERT',NULL,'\0','apollo','2022-01-19 18:20:36',NULL,'2022-01-19 18:20:36'),(37,'Item',17,'INSERT',NULL,'\0','apollo','2022-01-19 18:28:05',NULL,'2022-01-19 18:28:05'),(38,'Item',18,'INSERT',NULL,'\0','apollo','2022-01-19 18:28:05',NULL,'2022-01-19 18:28:05'),(39,'Item',19,'INSERT',NULL,'\0','apollo','2022-01-19 18:28:05',NULL,'2022-01-19 18:28:05'),(40,'Item',20,'INSERT',NULL,'\0','apollo','2022-01-19 18:28:05',NULL,'2022-01-19 18:28:05'),(41,'Release',6,'INSERT',NULL,'\0','apollo','2022-01-19 18:28:05',NULL,'2022-01-19 18:28:05'),(42,'ReleaseHistory',6,'INSERT',NULL,'\0','apollo','2022-01-19 18:28:05',NULL,'2022-01-19 18:28:05'),(43,'Item',18,'DELETE',NULL,'\0','apollo','2022-01-19 18:29:10',NULL,'2022-01-19 18:29:10'),(44,'Item',13,'DELETE',NULL,'\0','apollo','2022-01-19 18:29:10',NULL,'2022-01-19 18:29:10'),(45,'Item',15,'DELETE',NULL,'\0','apollo','2022-01-19 18:29:10',NULL,'2022-01-19 18:29:10'),(46,'Item',20,'DELETE',NULL,'\0','apollo','2022-01-19 18:29:10',NULL,'2022-01-19 18:29:10'),(47,'Item',16,'DELETE',NULL,'\0','apollo','2022-01-19 18:29:10',NULL,'2022-01-19 18:29:10'),(48,'Item',14,'DELETE',NULL,'\0','apollo','2022-01-19 18:29:10',NULL,'2022-01-19 18:29:10'),(49,'Item',17,'DELETE',NULL,'\0','apollo','2022-01-19 18:29:10',NULL,'2022-01-19 18:29:10'),(50,'Item',19,'DELETE',NULL,'\0','apollo','2022-01-19 18:29:10',NULL,'2022-01-19 18:29:10'),(51,'ItemSet',NULL,'DELETE',NULL,'\0','apollo','2022-01-19 18:29:10',NULL,'2022-01-19 18:29:10'),(52,'Release',7,'INSERT',NULL,'\0','apollo','2022-01-19 18:29:13',NULL,'2022-01-19 18:29:13'),(53,'ReleaseHistory',7,'INSERT',NULL,'\0','apollo','2022-01-19 18:29:13',NULL,'2022-01-19 18:29:13'),(54,'Item',21,'INSERT',NULL,'\0','apollo','2022-01-19 18:30:29',NULL,'2022-01-19 18:30:29'),(55,'Item',22,'INSERT',NULL,'\0','apollo','2022-01-19 18:30:29',NULL,'2022-01-19 18:30:29'),(56,'Item',23,'INSERT',NULL,'\0','apollo','2022-01-19 18:30:29',NULL,'2022-01-19 18:30:29'),(57,'Item',24,'INSERT',NULL,'\0','apollo','2022-01-19 18:30:30',NULL,'2022-01-19 18:30:30'),(58,'Release',8,'INSERT',NULL,'\0','apollo','2022-01-19 18:30:30',NULL,'2022-01-19 18:30:30'),(59,'ReleaseHistory',8,'INSERT',NULL,'\0','apollo','2022-01-19 18:30:30',NULL,'2022-01-19 18:30:30'),(60,'Item',24,'DELETE',NULL,'\0','apollo','2022-01-19 18:31:35',NULL,'2022-01-19 18:31:35'),(61,'Item',22,'DELETE',NULL,'\0','apollo','2022-01-19 18:31:35',NULL,'2022-01-19 18:31:35'),(62,'Item',21,'DELETE',NULL,'\0','apollo','2022-01-19 18:31:35',NULL,'2022-01-19 18:31:35'),(63,'Item',23,'DELETE',NULL,'\0','apollo','2022-01-19 18:31:35',NULL,'2022-01-19 18:31:35'),(64,'ItemSet',NULL,'DELETE',NULL,'\0','apollo','2022-01-19 18:31:35',NULL,'2022-01-19 18:31:35'),(65,'Release',9,'INSERT',NULL,'\0','apollo','2022-01-19 18:31:39',NULL,'2022-01-19 18:31:39'),(66,'ReleaseHistory',9,'INSERT',NULL,'\0','apollo','2022-01-19 18:31:39',NULL,'2022-01-19 18:31:39'),(67,'Item',25,'INSERT',NULL,'\0','apollo','2022-01-20 13:38:18',NULL,'2022-01-20 13:38:18'),(68,'Item',26,'INSERT',NULL,'\0','apollo','2022-01-20 13:38:18',NULL,'2022-01-20 13:38:18'),(69,'Item',27,'INSERT',NULL,'\0','apollo','2022-01-20 13:38:18',NULL,'2022-01-20 13:38:18'),(70,'Item',28,'INSERT',NULL,'\0','apollo','2022-01-20 13:38:19',NULL,'2022-01-20 13:38:19'),(71,'Release',10,'INSERT',NULL,'\0','apollo','2022-01-20 13:38:19',NULL,'2022-01-20 13:38:19'),(72,'ReleaseHistory',10,'INSERT',NULL,'\0','apollo','2022-01-20 13:38:19',NULL,'2022-01-20 13:38:19'),(73,'Item',26,'UPDATE',NULL,'\0','apollo','2022-01-20 14:27:13',NULL,'2022-01-20 14:27:13'),(74,'Item',27,'UPDATE',NULL,'\0','apollo','2022-01-20 14:27:13',NULL,'2022-01-20 14:27:13'),(75,'Item',28,'UPDATE',NULL,'\0','apollo','2022-01-20 14:27:13',NULL,'2022-01-20 14:27:13'),(76,'Release',11,'INSERT',NULL,'\0','apollo','2022-01-20 14:27:14',NULL,'2022-01-20 14:27:14'),(77,'ReleaseHistory',11,'INSERT',NULL,'\0','apollo','2022-01-20 14:27:14',NULL,'2022-01-20 14:27:14'),(78,'Item',26,'DELETE',NULL,'\0','apollo','2022-01-20 14:53:24',NULL,'2022-01-20 14:53:24'),(79,'Item',27,'DELETE',NULL,'\0','apollo','2022-01-20 14:53:24',NULL,'2022-01-20 14:53:24'),(80,'Item',28,'DELETE',NULL,'\0','apollo','2022-01-20 14:53:24',NULL,'2022-01-20 14:53:24'),(81,'Release',12,'INSERT',NULL,'\0','apollo','2022-01-20 14:53:55',NULL,'2022-01-20 14:53:55'),(82,'ReleaseHistory',12,'INSERT',NULL,'\0','apollo','2022-01-20 14:53:55',NULL,'2022-01-20 14:53:55'),(83,'Item',25,'DELETE',NULL,'\0','apollo','2022-01-20 14:54:09',NULL,'2022-01-20 14:54:09'),(84,'ItemSet',NULL,'DELETE',NULL,'\0','apollo','2022-01-20 14:54:09',NULL,'2022-01-20 14:54:09'),(85,'Release',13,'INSERT',NULL,'\0','apollo','2022-01-20 14:54:12',NULL,'2022-01-20 14:54:12'),(86,'ReleaseHistory',13,'INSERT',NULL,'\0','apollo','2022-01-20 14:54:12',NULL,'2022-01-20 14:54:12'),(87,'Item',29,'INSERT',NULL,'\0','apollo','2022-01-20 14:58:03',NULL,'2022-01-20 14:58:03'),(88,'Item',29,'UPDATE',NULL,'\0','apollo','2022-01-20 14:58:03',NULL,'2022-01-20 14:58:03'),(89,'Item',30,'INSERT',NULL,'\0','apollo','2022-01-20 14:58:03',NULL,'2022-01-20 14:58:03'),(90,'Item',30,'UPDATE',NULL,'\0','apollo','2022-01-20 14:58:03',NULL,'2022-01-20 14:58:03'),(91,'Item',31,'INSERT',NULL,'\0','apollo','2022-01-20 14:58:03',NULL,'2022-01-20 14:58:03'),(92,'Item',31,'UPDATE',NULL,'\0','apollo','2022-01-20 14:58:03',NULL,'2022-01-20 14:58:03'),(93,'Item',32,'INSERT',NULL,'\0','apollo','2022-01-20 14:58:04',NULL,'2022-01-20 14:58:04'),(94,'Item',32,'UPDATE',NULL,'\0','apollo','2022-01-20 14:58:04',NULL,'2022-01-20 14:58:04'),(95,'Release',14,'INSERT',NULL,'\0','apollo','2022-01-20 14:58:04',NULL,'2022-01-20 14:58:04'),(96,'ReleaseHistory',14,'INSERT',NULL,'\0','apollo','2022-01-20 14:58:04',NULL,'2022-01-20 14:58:04'),(97,'Item',30,'UPDATE',NULL,'\0','apollo','2022-01-20 14:59:10',NULL,'2022-01-20 14:59:10'),(98,'Item',31,'UPDATE',NULL,'\0','apollo','2022-01-20 14:59:11',NULL,'2022-01-20 14:59:11'),(99,'Item',32,'UPDATE',NULL,'\0','apollo','2022-01-20 14:59:11',NULL,'2022-01-20 14:59:11'),(100,'Release',15,'INSERT',NULL,'\0','apollo','2022-01-20 14:59:11',NULL,'2022-01-20 14:59:11'),(101,'ReleaseHistory',15,'INSERT',NULL,'\0','apollo','2022-01-20 14:59:11',NULL,'2022-01-20 14:59:11'),(102,'Item',30,'DELETE',NULL,'\0','apollo','2022-01-20 14:59:46',NULL,'2022-01-20 14:59:46'),(103,'Item',31,'DELETE',NULL,'\0','apollo','2022-01-20 14:59:46',NULL,'2022-01-20 14:59:46'),(104,'Item',32,'DELETE',NULL,'\0','apollo','2022-01-20 14:59:46',NULL,'2022-01-20 14:59:46'),(105,'Release',16,'INSERT',NULL,'\0','apollo','2022-01-20 14:59:47',NULL,'2022-01-20 14:59:47'),(106,'ReleaseHistory',16,'INSERT',NULL,'\0','apollo','2022-01-20 14:59:47',NULL,'2022-01-20 14:59:47'),(107,'Item',29,'DELETE',NULL,'\0','apollo','2022-01-20 15:00:33',NULL,'2022-01-20 15:00:33'),(108,'ItemSet',NULL,'DELETE',NULL,'\0','apollo','2022-01-20 15:00:33',NULL,'2022-01-20 15:00:33'),(109,'Release',17,'INSERT',NULL,'\0','apollo','2022-01-20 15:00:39',NULL,'2022-01-20 15:00:39'),(110,'ReleaseHistory',17,'INSERT',NULL,'\0','apollo','2022-01-20 15:00:39',NULL,'2022-01-20 15:00:39'),(111,'Item',33,'INSERT',NULL,'\0','apollo','2022-01-20 15:10:58',NULL,'2022-01-20 15:10:58'),(112,'Item',33,'UPDATE',NULL,'\0','apollo','2022-01-20 15:10:58',NULL,'2022-01-20 15:10:58'),(113,'Item',34,'INSERT',NULL,'\0','apollo','2022-01-20 15:10:58',NULL,'2022-01-20 15:10:58'),(114,'Item',34,'UPDATE',NULL,'\0','apollo','2022-01-20 15:10:58',NULL,'2022-01-20 15:10:58'),(115,'Item',35,'INSERT',NULL,'\0','apollo','2022-01-20 15:10:58',NULL,'2022-01-20 15:10:58'),(116,'Item',35,'UPDATE',NULL,'\0','apollo','2022-01-20 15:10:59',NULL,'2022-01-20 15:10:59'),(117,'Item',36,'INSERT',NULL,'\0','apollo','2022-01-20 15:10:59',NULL,'2022-01-20 15:10:59'),(118,'Item',36,'UPDATE',NULL,'\0','apollo','2022-01-20 15:10:59',NULL,'2022-01-20 15:10:59'),(119,'Release',18,'INSERT',NULL,'\0','apollo','2022-01-20 15:10:59',NULL,'2022-01-20 15:10:59'),(120,'ReleaseHistory',18,'INSERT',NULL,'\0','apollo','2022-01-20 15:10:59',NULL,'2022-01-20 15:10:59'),(121,'Item',34,'UPDATE',NULL,'\0','apollo','2022-01-20 15:11:38',NULL,'2022-01-20 15:11:38'),(122,'Item',35,'UPDATE',NULL,'\0','apollo','2022-01-20 15:11:38',NULL,'2022-01-20 15:11:38'),(123,'Item',36,'UPDATE',NULL,'\0','apollo','2022-01-20 15:11:38',NULL,'2022-01-20 15:11:38'),(124,'Release',19,'INSERT',NULL,'\0','apollo','2022-01-20 15:11:38',NULL,'2022-01-20 15:11:38'),(125,'ReleaseHistory',19,'INSERT',NULL,'\0','apollo','2022-01-20 15:11:38',NULL,'2022-01-20 15:11:38'),(126,'Item',34,'DELETE',NULL,'\0','apollo','2022-01-20 15:12:11',NULL,'2022-01-20 15:12:11'),(127,'Item',35,'DELETE',NULL,'\0','apollo','2022-01-20 15:12:11',NULL,'2022-01-20 15:12:11'),(128,'Item',36,'DELETE',NULL,'\0','apollo','2022-01-20 15:12:11',NULL,'2022-01-20 15:12:11'),(129,'Release',20,'INSERT',NULL,'\0','apollo','2022-01-20 15:12:12',NULL,'2022-01-20 15:12:12'),(130,'ReleaseHistory',20,'INSERT',NULL,'\0','apollo','2022-01-20 15:12:12',NULL,'2022-01-20 15:12:12'),(131,'Item',37,'INSERT',NULL,'\0','apollo','2022-01-20 15:15:10',NULL,'2022-01-20 15:15:10'),(132,'Item',37,'UPDATE',NULL,'\0','apollo','2022-01-20 15:15:11',NULL,'2022-01-20 15:15:11'),(133,'Item',38,'INSERT',NULL,'\0','apollo','2022-01-20 15:15:11',NULL,'2022-01-20 15:15:11'),(134,'Item',38,'UPDATE',NULL,'\0','apollo','2022-01-20 15:15:11',NULL,'2022-01-20 15:15:11'),(135,'Item',39,'INSERT',NULL,'\0','apollo','2022-01-20 15:15:11',NULL,'2022-01-20 15:15:11'),(136,'Item',39,'UPDATE',NULL,'\0','apollo','2022-01-20 15:15:11',NULL,'2022-01-20 15:15:11'),(137,'Item',40,'INSERT',NULL,'\0','apollo','2022-01-20 15:15:11',NULL,'2022-01-20 15:15:11'),(138,'Item',40,'UPDATE',NULL,'\0','apollo','2022-01-20 15:15:12',NULL,'2022-01-20 15:15:12'),(139,'Release',21,'INSERT',NULL,'\0','apollo','2022-01-20 15:15:12',NULL,'2022-01-20 15:15:12'),(140,'ReleaseHistory',21,'INSERT',NULL,'\0','apollo','2022-01-20 15:15:12',NULL,'2022-01-20 15:15:12'),(141,'Item',40,'DELETE',NULL,'\0','apollo','2022-01-20 15:18:36',NULL,'2022-01-20 15:18:36'),(142,'Item',38,'DELETE',NULL,'\0','apollo','2022-01-20 15:18:36',NULL,'2022-01-20 15:18:36'),(143,'Item',37,'DELETE',NULL,'\0','apollo','2022-01-20 15:18:36',NULL,'2022-01-20 15:18:36'),(144,'Item',33,'DELETE',NULL,'\0','apollo','2022-01-20 15:18:36',NULL,'2022-01-20 15:18:36'),(145,'Item',39,'DELETE',NULL,'\0','apollo','2022-01-20 15:18:36',NULL,'2022-01-20 15:18:36'),(146,'ItemSet',NULL,'DELETE',NULL,'\0','apollo','2022-01-20 15:18:36',NULL,'2022-01-20 15:18:36'),(147,'Release',22,'INSERT',NULL,'\0','apollo','2022-01-20 15:18:40',NULL,'2022-01-20 15:18:40'),(148,'ReleaseHistory',22,'INSERT',NULL,'\0','apollo','2022-01-20 15:18:40',NULL,'2022-01-20 15:18:40'),(149,'Item',41,'INSERT',NULL,'\0','apollo','2022-01-20 15:27:03',NULL,'2022-01-20 15:27:03'),(150,'Item',41,'UPDATE',NULL,'\0','apollo','2022-01-20 15:27:03',NULL,'2022-01-20 15:27:03'),(151,'Item',42,'INSERT',NULL,'\0','apollo','2022-01-20 15:27:03',NULL,'2022-01-20 15:27:03'),(152,'Item',42,'UPDATE',NULL,'\0','apollo','2022-01-20 15:27:03',NULL,'2022-01-20 15:27:03'),(153,'Item',43,'INSERT',NULL,'\0','apollo','2022-01-20 15:27:04',NULL,'2022-01-20 15:27:04'),(154,'Item',43,'UPDATE',NULL,'\0','apollo','2022-01-20 15:27:04',NULL,'2022-01-20 15:27:04'),(155,'Item',44,'INSERT',NULL,'\0','apollo','2022-01-20 15:27:04',NULL,'2022-01-20 15:27:04'),(156,'Item',44,'UPDATE',NULL,'\0','apollo','2022-01-20 15:27:04',NULL,'2022-01-20 15:27:04'),(157,'Release',23,'INSERT',NULL,'\0','apollo','2022-01-20 15:27:04',NULL,'2022-01-20 15:27:04'),(158,'ReleaseHistory',23,'INSERT',NULL,'\0','apollo','2022-01-20 15:27:04',NULL,'2022-01-20 15:27:04'),(159,'Item',42,'UPDATE',NULL,'\0','apollo','2022-01-20 15:27:40',NULL,'2022-01-20 15:27:40'),(160,'Item',43,'UPDATE',NULL,'\0','apollo','2022-01-20 15:27:40',NULL,'2022-01-20 15:27:40'),(161,'Item',44,'UPDATE',NULL,'\0','apollo','2022-01-20 15:27:40',NULL,'2022-01-20 15:27:40'),(162,'Release',24,'INSERT',NULL,'\0','apollo','2022-01-20 15:27:40',NULL,'2022-01-20 15:27:40'),(163,'ReleaseHistory',24,'INSERT',NULL,'\0','apollo','2022-01-20 15:27:40',NULL,'2022-01-20 15:27:40'),(164,'Item',44,'DELETE',NULL,'\0','apollo','2022-01-20 15:59:57',NULL,'2022-01-20 15:59:57'),(165,'Item',42,'DELETE',NULL,'\0','apollo','2022-01-20 15:59:57',NULL,'2022-01-20 15:59:57'),(166,'Item',41,'DELETE',NULL,'\0','apollo','2022-01-20 15:59:57',NULL,'2022-01-20 15:59:57'),(167,'Item',43,'DELETE',NULL,'\0','apollo','2022-01-20 15:59:57',NULL,'2022-01-20 15:59:57'),(168,'ItemSet',NULL,'DELETE',NULL,'\0','apollo','2022-01-20 15:59:57',NULL,'2022-01-20 15:59:57'),(169,'Release',25,'INSERT',NULL,'\0','apollo','2022-01-20 16:00:00',NULL,'2022-01-20 16:00:00'),(170,'ReleaseHistory',25,'INSERT',NULL,'\0','apollo','2022-01-20 16:00:00',NULL,'2022-01-20 16:00:00'),(171,'Item',45,'INSERT',NULL,'\0','apollo','2022-01-20 16:00:46',NULL,'2022-01-20 16:00:46'),(172,'Item',45,'UPDATE',NULL,'\0','apollo','2022-01-20 16:00:46',NULL,'2022-01-20 16:00:46'),(173,'Item',46,'INSERT',NULL,'\0','apollo','2022-01-20 16:00:46',NULL,'2022-01-20 16:00:46'),(174,'Item',46,'UPDATE',NULL,'\0','apollo','2022-01-20 16:00:46',NULL,'2022-01-20 16:00:46'),(175,'Item',47,'INSERT',NULL,'\0','apollo','2022-01-20 16:00:46',NULL,'2022-01-20 16:00:46'),(176,'Item',47,'UPDATE',NULL,'\0','apollo','2022-01-20 16:00:47',NULL,'2022-01-20 16:00:47'),(177,'Item',48,'INSERT',NULL,'\0','apollo','2022-01-20 16:00:47',NULL,'2022-01-20 16:00:47'),(178,'Item',48,'UPDATE',NULL,'\0','apollo','2022-01-20 16:00:47',NULL,'2022-01-20 16:00:47'),(179,'Release',26,'INSERT',NULL,'\0','apollo','2022-01-20 16:00:47',NULL,'2022-01-20 16:00:47'),(180,'ReleaseHistory',26,'INSERT',NULL,'\0','apollo','2022-01-20 16:00:47',NULL,'2022-01-20 16:00:47'),(181,'Item',49,'INSERT',NULL,'\0','apollo','2022-01-20 16:02:02',NULL,'2022-01-20 16:02:02'),(182,'Item',49,'UPDATE',NULL,'\0','apollo','2022-01-20 16:02:02',NULL,'2022-01-20 16:02:02'),(183,'Item',50,'INSERT',NULL,'\0','apollo','2022-01-20 16:02:03',NULL,'2022-01-20 16:02:03'),(184,'Item',50,'UPDATE',NULL,'\0','apollo','2022-01-20 16:02:03',NULL,'2022-01-20 16:02:03'),(185,'Item',51,'INSERT',NULL,'\0','apollo','2022-01-20 16:02:03',NULL,'2022-01-20 16:02:03'),(186,'Item',51,'UPDATE',NULL,'\0','apollo','2022-01-20 16:02:03',NULL,'2022-01-20 16:02:03'),(187,'Item',52,'INSERT',NULL,'\0','apollo','2022-01-20 16:02:03',NULL,'2022-01-20 16:02:03'),(188,'Item',52,'UPDATE',NULL,'\0','apollo','2022-01-20 16:02:03',NULL,'2022-01-20 16:02:03'),(189,'Release',27,'INSERT',NULL,'\0','apollo','2022-01-20 16:02:03',NULL,'2022-01-20 16:02:03'),(190,'ReleaseHistory',27,'INSERT',NULL,'\0','apollo','2022-01-20 16:02:03',NULL,'2022-01-20 16:02:03'),(191,'Item',50,'DELETE',NULL,'\0','apollo','2022-01-20 17:21:28',NULL,'2022-01-20 17:21:28'),(192,'Item',45,'DELETE',NULL,'\0','apollo','2022-01-20 17:21:28',NULL,'2022-01-20 17:21:28'),(193,'Item',47,'DELETE',NULL,'\0','apollo','2022-01-20 17:21:28',NULL,'2022-01-20 17:21:28'),(194,'Item',52,'DELETE',NULL,'\0','apollo','2022-01-20 17:21:28',NULL,'2022-01-20 17:21:28'),(195,'Item',48,'DELETE',NULL,'\0','apollo','2022-01-20 17:21:28',NULL,'2022-01-20 17:21:28'),(196,'Item',46,'DELETE',NULL,'\0','apollo','2022-01-20 17:21:28',NULL,'2022-01-20 17:21:28'),(197,'Item',49,'DELETE',NULL,'\0','apollo','2022-01-20 17:21:28',NULL,'2022-01-20 17:21:28'),(198,'Item',51,'DELETE',NULL,'\0','apollo','2022-01-20 17:21:28',NULL,'2022-01-20 17:21:28'),(199,'ItemSet',NULL,'DELETE',NULL,'\0','apollo','2022-01-20 17:21:28',NULL,'2022-01-20 17:21:28'),(200,'Release',28,'INSERT',NULL,'\0','apollo','2022-01-20 17:21:33',NULL,'2022-01-20 17:21:33'),(201,'ReleaseHistory',28,'INSERT',NULL,'\0','apollo','2022-01-20 17:21:33',NULL,'2022-01-20 17:21:33'),(202,'Item',53,'INSERT',NULL,'\0','apollo','2022-01-20 17:24:58',NULL,'2022-01-20 17:24:58'),(203,'Item',53,'UPDATE',NULL,'\0','apollo','2022-01-20 17:24:58',NULL,'2022-01-20 17:24:58'),(204,'Item',54,'INSERT',NULL,'\0','apollo','2022-01-20 17:24:58',NULL,'2022-01-20 17:24:58'),(205,'Item',54,'UPDATE',NULL,'\0','apollo','2022-01-20 17:24:59',NULL,'2022-01-20 17:24:59'),(206,'Item',55,'INSERT',NULL,'\0','apollo','2022-01-20 17:24:59',NULL,'2022-01-20 17:24:59'),(207,'Item',55,'UPDATE',NULL,'\0','apollo','2022-01-20 17:24:59',NULL,'2022-01-20 17:24:59'),(208,'Item',56,'INSERT',NULL,'\0','apollo','2022-01-20 17:24:59',NULL,'2022-01-20 17:24:59'),(209,'Item',56,'UPDATE',NULL,'\0','apollo','2022-01-20 17:24:59',NULL,'2022-01-20 17:24:59'),(210,'Release',29,'INSERT',NULL,'\0','apollo','2022-01-20 17:24:59',NULL,'2022-01-20 17:24:59'),(211,'ReleaseHistory',29,'INSERT',NULL,'\0','apollo','2022-01-20 17:24:59',NULL,'2022-01-20 17:24:59'),(212,'Item',54,'UPDATE',NULL,'\0','apollo','2022-01-20 17:27:01',NULL,'2022-01-20 17:27:01'),(213,'Item',55,'UPDATE',NULL,'\0','apollo','2022-01-20 17:27:01',NULL,'2022-01-20 17:27:01'),(214,'Item',56,'UPDATE',NULL,'\0','apollo','2022-01-20 17:27:01',NULL,'2022-01-20 17:27:01'),(215,'Release',30,'INSERT',NULL,'\0','apollo','2022-01-20 17:27:01',NULL,'2022-01-20 17:27:01'),(216,'ReleaseHistory',30,'INSERT',NULL,'\0','apollo','2022-01-20 17:27:01',NULL,'2022-01-20 17:27:01'),(217,'Item',54,'UPDATE',NULL,'\0','apollo','2022-01-20 17:28:22',NULL,'2022-01-20 17:28:22'),(218,'Item',55,'UPDATE',NULL,'\0','apollo','2022-01-20 17:28:23',NULL,'2022-01-20 17:28:23'),(219,'Release',31,'INSERT',NULL,'\0','apollo','2022-01-20 17:28:23',NULL,'2022-01-20 17:28:23'),(220,'ReleaseHistory',31,'INSERT',NULL,'\0','apollo','2022-01-20 17:28:23',NULL,'2022-01-20 17:28:23');

/*Table structure for table `cluster` */

DROP TABLE IF EXISTS `cluster`;

CREATE TABLE `cluster` (
  `Id` int unsigned NOT NULL AUTO_INCREMENT COMMENT '自增主键',
  `Name` varchar(32) NOT NULL DEFAULT '' COMMENT '集群名字',
  `AppId` varchar(64) NOT NULL DEFAULT '' COMMENT 'App id',
  `ParentClusterId` int unsigned NOT NULL DEFAULT '0' COMMENT '父cluster',
  `IsDeleted` bit(1) NOT NULL DEFAULT b'0' COMMENT '1: deleted, 0: normal',
  `DataChange_CreatedBy` varchar(64) NOT NULL DEFAULT 'default' COMMENT '创建人邮箱前缀',
  `DataChange_CreatedTime` timestamp NOT NULL DEFAULT CURRENT_TIMESTAMP COMMENT '创建时间',
  `DataChange_LastModifiedBy` varchar(64) DEFAULT '' COMMENT '最后修改人邮箱前缀',
  `DataChange_LastTime` timestamp NULL DEFAULT CURRENT_TIMESTAMP ON UPDATE CURRENT_TIMESTAMP COMMENT '最后修改时间',
  PRIMARY KEY (`Id`),
  KEY `IX_AppId_Name` (`AppId`,`Name`),
  KEY `IX_ParentClusterId` (`ParentClusterId`),
  KEY `DataChange_LastTime` (`DataChange_LastTime`)
) ENGINE=InnoDB AUTO_INCREMENT=3 DEFAULT CHARSET=utf8mb4 COLLATE=utf8mb4_0900_ai_ci COMMENT='集群';

/*Data for the table `cluster` */

insert  into `cluster`(`Id`,`Name`,`AppId`,`ParentClusterId`,`IsDeleted`,`DataChange_CreatedBy`,`DataChange_CreatedTime`,`DataChange_LastModifiedBy`,`DataChange_LastTime`) values (1,'default','SampleApp',0,'\0','default','2022-01-07 15:41:55','','2022-01-07 15:41:55'),(2,'default','springboot-gateway',0,'\0','apollo','2022-01-07 15:59:04','apollo','2022-01-07 15:59:04');

/*Table structure for table `commit` */

DROP TABLE IF EXISTS `commit`;

CREATE TABLE `commit` (
  `Id` int unsigned NOT NULL AUTO_INCREMENT COMMENT '主键',
  `ChangeSets` longtext NOT NULL COMMENT '修改变更集',
  `AppId` varchar(500) NOT NULL DEFAULT 'default' COMMENT 'AppID',
  `ClusterName` varchar(500) NOT NULL DEFAULT 'default' COMMENT 'ClusterName',
  `NamespaceName` varchar(500) NOT NULL DEFAULT 'default' COMMENT 'namespaceName',
  `Comment` varchar(500) DEFAULT NULL COMMENT '备注',
  `IsDeleted` bit(1) NOT NULL DEFAULT b'0' COMMENT '1: deleted, 0: normal',
  `DataChange_CreatedBy` varchar(64) NOT NULL DEFAULT 'default' COMMENT '创建人邮箱前缀',
  `DataChange_CreatedTime` timestamp NOT NULL DEFAULT CURRENT_TIMESTAMP COMMENT '创建时间',
  `DataChange_LastModifiedBy` varchar(64) DEFAULT '' COMMENT '最后修改人邮箱前缀',
  `DataChange_LastTime` timestamp NULL DEFAULT CURRENT_TIMESTAMP ON UPDATE CURRENT_TIMESTAMP COMMENT '最后修改时间',
  PRIMARY KEY (`Id`),
  KEY `DataChange_LastTime` (`DataChange_LastTime`),
  KEY `AppId` (`AppId`(191)),
  KEY `ClusterName` (`ClusterName`(191)),
  KEY `NamespaceName` (`NamespaceName`(191))
) ENGINE=InnoDB AUTO_INCREMENT=85 DEFAULT CHARSET=utf8mb4 COLLATE=utf8mb4_0900_ai_ci COMMENT='commit 历史表';

/*Data for the table `commit` */

insert  into `commit`(`Id`,`ChangeSets`,`AppId`,`ClusterName`,`NamespaceName`,`Comment`,`IsDeleted`,`DataChange_CreatedBy`,`DataChange_CreatedTime`,`DataChange_LastModifiedBy`,`DataChange_LastTime`) values (1,'{\"createItems\":[{\"namespaceId\":2,\"key\":\"spring.cloud.gateway.routes[0].id\",\"value\":\"springboot-app\",\"comment\":\"\",\"lineNum\":2,\"id\":3,\"isDeleted\":false,\"dataChangeCreatedBy\":\"apollo\",\"dataChangeCreatedTime\":\"2022-01-07 16:17:42\",\"dataChangeLastModifiedBy\":\"apollo\",\"dataChangeLastModifiedTime\":\"2022-01-07 16:17:42\"},{\"namespaceId\":2,\"key\":\"spring.cloud.gateway.routes[0].uri\",\"value\":\"http://172.20.58.246:8081\",\"comment\":\"\",\"lineNum\":3,\"id\":4,\"isDeleted\":false,\"dataChangeCreatedBy\":\"apollo\",\"dataChangeCreatedTime\":\"2022-01-07 16:17:42\",\"dataChangeLastModifiedBy\":\"apollo\",\"dataChangeLastModifiedTime\":\"2022-01-07 16:17:42\"},{\"namespaceId\":2,\"key\":\"spring.cloud.gateway.routes[0].predicates[0]\",\"value\":\"Path\\u003d/app/**\",\"comment\":\"\",\"lineNum\":4,\"id\":5,\"isDeleted\":false,\"dataChangeCreatedBy\":\"apollo\",\"dataChangeCreatedTime\":\"2022-01-07 16:17:42\",\"dataChangeLastModifiedBy\":\"apollo\",\"dataChangeLastModifiedTime\":\"2022-01-07 16:17:42\"},{\"namespaceId\":2,\"key\":\"spring.cloud.gateway.routes[0].filters[0]\",\"value\":\"StripPrefix\\u003d1\",\"comment\":\"\",\"lineNum\":5,\"id\":6,\"isDeleted\":false,\"dataChangeCreatedBy\":\"apollo\",\"dataChangeCreatedTime\":\"2022-01-07 16:17:42\",\"dataChangeLastModifiedBy\":\"apollo\",\"dataChangeLastModifiedTime\":\"2022-01-07 16:17:42\"}],\"updateItems\":[],\"deleteItems\":[]}','springboot-gateway','default','application',NULL,'\0','apollo','2022-01-07 16:17:42','apollo','2022-01-07 16:17:42'),(2,'{\"createItems\":[{\"namespaceId\":2,\"key\":\"spring.cloud.gateway.routes[1].id\",\"value\":\"springboot-mock-gateway-dashboard\",\"lineNum\":6,\"id\":7,\"isDeleted\":false,\"dataChangeCreatedBy\":\"apollo\",\"dataChangeCreatedTime\":\"2022-01-19 16:58:00\",\"dataChangeLastModifiedBy\":\"apollo\",\"dataChangeLastModifiedTime\":\"2022-01-19 16:58:00\"}],\"updateItems\":[],\"deleteItems\":[]}','springboot-gateway','default','application',NULL,'\0','apollo','2022-01-19 16:58:00','apollo','2022-01-19 16:58:00'),(3,'{\"createItems\":[{\"namespaceId\":2,\"key\":\"spring.cloud.gateway.routes[1].uri\",\"value\":\"http://localhost:8082\",\"lineNum\":7,\"id\":8,\"isDeleted\":false,\"dataChangeCreatedBy\":\"apollo\",\"dataChangeCreatedTime\":\"2022-01-19 16:58:28\",\"dataChangeLastModifiedBy\":\"apollo\",\"dataChangeLastModifiedTime\":\"2022-01-19 16:58:28\"}],\"updateItems\":[],\"deleteItems\":[]}','springboot-gateway','default','application',NULL,'\0','apollo','2022-01-19 16:58:29','apollo','2022-01-19 16:58:29'),(4,'{\"createItems\":[],\"updateItems\":[],\"deleteItems\":[{\"namespaceId\":2,\"key\":\"spring.cloud.gateway.routes[1].uri\",\"value\":\"http://localhost:8082\",\"lineNum\":7,\"id\":8,\"isDeleted\":true,\"dataChangeCreatedBy\":\"apollo\",\"dataChangeCreatedTime\":\"2022-01-19 16:58:29\",\"dataChangeLastModifiedBy\":\"apollo\",\"dataChangeLastModifiedTime\":\"2022-01-19 16:59:28\"},{\"namespaceId\":2,\"key\":\"spring.cloud.gateway.routes[1].id\",\"value\":\"springboot-mock-gateway-dashboard\",\"lineNum\":6,\"id\":7,\"isDeleted\":true,\"dataChangeCreatedBy\":\"apollo\",\"dataChangeCreatedTime\":\"2022-01-19 16:58:00\",\"dataChangeLastModifiedBy\":\"apollo\",\"dataChangeLastModifiedTime\":\"2022-01-19 16:59:28\"}]}','springboot-gateway','default','application',NULL,'\0','apollo','2022-01-19 16:59:29','apollo','2022-01-19 16:59:29'),(5,'{\"createItems\":[{\"namespaceId\":2,\"key\":\"spring.cloud.gateway.routes[1].id\",\"value\":\"springboot-mock-gateway-dashboard\",\"lineNum\":6,\"id\":9,\"isDeleted\":false,\"dataChangeCreatedBy\":\"apollo\",\"dataChangeCreatedTime\":\"2022-01-19 17:02:46\",\"dataChangeLastModifiedBy\":\"apollo\",\"dataChangeLastModifiedTime\":\"2022-01-19 17:02:46\"}],\"updateItems\":[],\"deleteItems\":[]}','springboot-gateway','default','application',NULL,'\0','apollo','2022-01-19 17:02:46','apollo','2022-01-19 17:02:46'),(6,'{\"createItems\":[{\"namespaceId\":2,\"key\":\"spring.cloud.gateway.routes[1].uri\",\"value\":\"http://localhost:8082\",\"lineNum\":7,\"id\":10,\"isDeleted\":false,\"dataChangeCreatedBy\":\"apollo\",\"dataChangeCreatedTime\":\"2022-01-19 17:02:46\",\"dataChangeLastModifiedBy\":\"apollo\",\"dataChangeLastModifiedTime\":\"2022-01-19 17:02:46\"}],\"updateItems\":[],\"deleteItems\":[]}','springboot-gateway','default','application',NULL,'\0','apollo','2022-01-19 17:02:47','apollo','2022-01-19 17:02:47'),(7,'{\"createItems\":[{\"namespaceId\":2,\"key\":\"spring.cloud.gateway.routes[1].predicates[1]\",\"value\":\" Path\\u003d/dashboard/**\",\"lineNum\":8,\"id\":11,\"isDeleted\":false,\"dataChangeCreatedBy\":\"apollo\",\"dataChangeCreatedTime\":\"2022-01-19 17:02:46\",\"dataChangeLastModifiedBy\":\"apollo\",\"dataChangeLastModifiedTime\":\"2022-01-19 17:02:46\"}],\"updateItems\":[],\"deleteItems\":[]}','springboot-gateway','default','application',NULL,'\0','apollo','2022-01-19 17:02:47','apollo','2022-01-19 17:02:47'),(8,'{\"createItems\":[{\"namespaceId\":2,\"key\":\"spring.cloud.gateway.routes[1].filters[1]\",\"value\":\"StripPrefix\\u003d1\",\"lineNum\":9,\"id\":12,\"isDeleted\":false,\"dataChangeCreatedBy\":\"apollo\",\"dataChangeCreatedTime\":\"2022-01-19 17:02:46\",\"dataChangeLastModifiedBy\":\"apollo\",\"dataChangeLastModifiedTime\":\"2022-01-19 17:02:46\"}],\"updateItems\":[],\"deleteItems\":[]}','springboot-gateway','default','application',NULL,'\0','apollo','2022-01-19 17:02:47','apollo','2022-01-19 17:02:47'),(9,'{\"createItems\":[],\"updateItems\":[],\"deleteItems\":[{\"namespaceId\":2,\"key\":\"spring.cloud.gateway.routes[1].filters[1]\",\"value\":\"StripPrefix\\u003d1\",\"lineNum\":9,\"id\":12,\"isDeleted\":true,\"dataChangeCreatedBy\":\"apollo\",\"dataChangeCreatedTime\":\"2022-01-19 17:02:47\",\"dataChangeLastModifiedBy\":\"apollo\",\"dataChangeLastModifiedTime\":\"2022-01-19 18:03:07\"},{\"namespaceId\":2,\"key\":\"spring.cloud.gateway.routes[1].uri\",\"value\":\"http://localhost:8082\",\"lineNum\":7,\"id\":10,\"isDeleted\":true,\"dataChangeCreatedBy\":\"apollo\",\"dataChangeCreatedTime\":\"2022-01-19 17:02:47\",\"dataChangeLastModifiedBy\":\"apollo\",\"dataChangeLastModifiedTime\":\"2022-01-19 18:03:07\"},{\"namespaceId\":2,\"key\":\"spring.cloud.gateway.routes[1].id\",\"value\":\"springboot-mock-gateway-dashboard\",\"lineNum\":6,\"id\":9,\"isDeleted\":true,\"dataChangeCreatedBy\":\"apollo\",\"dataChangeCreatedTime\":\"2022-01-19 17:02:46\",\"dataChangeLastModifiedBy\":\"apollo\",\"dataChangeLastModifiedTime\":\"2022-01-19 18:03:07\"},{\"namespaceId\":2,\"key\":\"spring.cloud.gateway.routes[1].predicates[1]\",\"value\":\" Path\\u003d/dashboard/**\",\"lineNum\":8,\"id\":11,\"isDeleted\":true,\"dataChangeCreatedBy\":\"apollo\",\"dataChangeCreatedTime\":\"2022-01-19 17:02:47\",\"dataChangeLastModifiedBy\":\"apollo\",\"dataChangeLastModifiedTime\":\"2022-01-19 18:03:07\"}]}','springboot-gateway','default','application',NULL,'\0','apollo','2022-01-19 18:03:07','apollo','2022-01-19 18:03:07'),(10,'{\"createItems\":[{\"namespaceId\":2,\"key\":\"spring.cloud.gateway.routes[1].id\",\"value\":\"springboot-mock-gateway-dashboard\",\"lineNum\":6,\"id\":13,\"isDeleted\":false,\"dataChangeCreatedBy\":\"apollo\",\"dataChangeCreatedTime\":\"2022-01-19 18:20:35\",\"dataChangeLastModifiedBy\":\"apollo\",\"dataChangeLastModifiedTime\":\"2022-01-19 18:20:35\"}],\"updateItems\":[],\"deleteItems\":[]}','springboot-gateway','default','application',NULL,'\0','apollo','2022-01-19 18:20:36','apollo','2022-01-19 18:20:36'),(11,'{\"createItems\":[{\"namespaceId\":2,\"key\":\"spring.cloud.gateway.routes[1].uri\",\"value\":\"http://localhost:8082\",\"lineNum\":7,\"id\":14,\"isDeleted\":false,\"dataChangeCreatedBy\":\"apollo\",\"dataChangeCreatedTime\":\"2022-01-19 18:20:35\",\"dataChangeLastModifiedBy\":\"apollo\",\"dataChangeLastModifiedTime\":\"2022-01-19 18:20:35\"}],\"updateItems\":[],\"deleteItems\":[]}','springboot-gateway','default','application',NULL,'\0','apollo','2022-01-19 18:20:36','apollo','2022-01-19 18:20:36'),(12,'{\"createItems\":[{\"namespaceId\":2,\"key\":\"spring.cloud.gateway.routes[1].predicates[1]\",\"value\":\" Path\\u003d/dashboard/**\",\"lineNum\":8,\"id\":15,\"isDeleted\":false,\"dataChangeCreatedBy\":\"apollo\",\"dataChangeCreatedTime\":\"2022-01-19 18:20:36\",\"dataChangeLastModifiedBy\":\"apollo\",\"dataChangeLastModifiedTime\":\"2022-01-19 18:20:36\"}],\"updateItems\":[],\"deleteItems\":[]}','springboot-gateway','default','application',NULL,'\0','apollo','2022-01-19 18:20:36','apollo','2022-01-19 18:20:36'),(13,'{\"createItems\":[{\"namespaceId\":2,\"key\":\"spring.cloud.gateway.routes[1].filters[1]\",\"value\":\"StripPrefix\\u003d1\",\"lineNum\":9,\"id\":16,\"isDeleted\":false,\"dataChangeCreatedBy\":\"apollo\",\"dataChangeCreatedTime\":\"2022-01-19 18:20:36\",\"dataChangeLastModifiedBy\":\"apollo\",\"dataChangeLastModifiedTime\":\"2022-01-19 18:20:36\"}],\"updateItems\":[],\"deleteItems\":[]}','springboot-gateway','default','application',NULL,'\0','apollo','2022-01-19 18:20:36','apollo','2022-01-19 18:20:36'),(14,'{\"createItems\":[{\"namespaceId\":2,\"key\":\"spring.cloud.gateway.routes[2].id\",\"value\":\"springboot-mock-gateway-dashboard\",\"lineNum\":10,\"id\":17,\"isDeleted\":false,\"dataChangeCreatedBy\":\"apollo\",\"dataChangeCreatedTime\":\"2022-01-19 18:28:04\",\"dataChangeLastModifiedBy\":\"apollo\",\"dataChangeLastModifiedTime\":\"2022-01-19 18:28:04\"}],\"updateItems\":[],\"deleteItems\":[]}','springboot-gateway','default','application',NULL,'\0','apollo','2022-01-19 18:28:05','apollo','2022-01-19 18:28:05'),(15,'{\"createItems\":[{\"namespaceId\":2,\"key\":\"spring.cloud.gateway.routes[2].uri\",\"value\":\"http://localhost:8082\",\"lineNum\":11,\"id\":18,\"isDeleted\":false,\"dataChangeCreatedBy\":\"apollo\",\"dataChangeCreatedTime\":\"2022-01-19 18:28:04\",\"dataChangeLastModifiedBy\":\"apollo\",\"dataChangeLastModifiedTime\":\"2022-01-19 18:28:04\"}],\"updateItems\":[],\"deleteItems\":[]}','springboot-gateway','default','application',NULL,'\0','apollo','2022-01-19 18:28:05','apollo','2022-01-19 18:28:05'),(16,'{\"createItems\":[{\"namespaceId\":2,\"key\":\"spring.cloud.gateway.routes[2].predicates[0]\",\"value\":\" Path\\u003d/dashboard/**\",\"lineNum\":12,\"id\":19,\"isDeleted\":false,\"dataChangeCreatedBy\":\"apollo\",\"dataChangeCreatedTime\":\"2022-01-19 18:28:04\",\"dataChangeLastModifiedBy\":\"apollo\",\"dataChangeLastModifiedTime\":\"2022-01-19 18:28:04\"}],\"updateItems\":[],\"deleteItems\":[]}','springboot-gateway','default','application',NULL,'\0','apollo','2022-01-19 18:28:05','apollo','2022-01-19 18:28:05'),(17,'{\"createItems\":[{\"namespaceId\":2,\"key\":\"spring.cloud.gateway.routes[2].filters[0]\",\"value\":\"StripPrefix\\u003d1\",\"lineNum\":13,\"id\":20,\"isDeleted\":false,\"dataChangeCreatedBy\":\"apollo\",\"dataChangeCreatedTime\":\"2022-01-19 18:28:05\",\"dataChangeLastModifiedBy\":\"apollo\",\"dataChangeLastModifiedTime\":\"2022-01-19 18:28:05\"}],\"updateItems\":[],\"deleteItems\":[]}','springboot-gateway','default','application',NULL,'\0','apollo','2022-01-19 18:28:05','apollo','2022-01-19 18:28:05'),(18,'{\"createItems\":[],\"updateItems\":[],\"deleteItems\":[{\"namespaceId\":2,\"key\":\"spring.cloud.gateway.routes[2].uri\",\"value\":\"http://localhost:8082\",\"lineNum\":11,\"id\":18,\"isDeleted\":true,\"dataChangeCreatedBy\":\"apollo\",\"dataChangeCreatedTime\":\"2022-01-19 18:28:05\",\"dataChangeLastModifiedBy\":\"apollo\",\"dataChangeLastModifiedTime\":\"2022-01-19 18:29:10\"},{\"namespaceId\":2,\"key\":\"spring.cloud.gateway.routes[1].id\",\"value\":\"springboot-mock-gateway-dashboard\",\"lineNum\":6,\"id\":13,\"isDeleted\":true,\"dataChangeCreatedBy\":\"apollo\",\"dataChangeCreatedTime\":\"2022-01-19 18:20:36\",\"dataChangeLastModifiedBy\":\"apollo\",\"dataChangeLastModifiedTime\":\"2022-01-19 18:29:10\"},{\"namespaceId\":2,\"key\":\"spring.cloud.gateway.routes[1].predicates[1]\",\"value\":\" Path\\u003d/dashboard/**\",\"lineNum\":8,\"id\":15,\"isDeleted\":true,\"dataChangeCreatedBy\":\"apollo\",\"dataChangeCreatedTime\":\"2022-01-19 18:20:36\",\"dataChangeLastModifiedBy\":\"apollo\",\"dataChangeLastModifiedTime\":\"2022-01-19 18:29:10\"},{\"namespaceId\":2,\"key\":\"spring.cloud.gateway.routes[2].filters[0]\",\"value\":\"StripPrefix\\u003d1\",\"lineNum\":13,\"id\":20,\"isDeleted\":true,\"dataChangeCreatedBy\":\"apollo\",\"dataChangeCreatedTime\":\"2022-01-19 18:28:05\",\"dataChangeLastModifiedBy\":\"apollo\",\"dataChangeLastModifiedTime\":\"2022-01-19 18:29:10\"},{\"namespaceId\":2,\"key\":\"spring.cloud.gateway.routes[1].filters[1]\",\"value\":\"StripPrefix\\u003d1\",\"lineNum\":9,\"id\":16,\"isDeleted\":true,\"dataChangeCreatedBy\":\"apollo\",\"dataChangeCreatedTime\":\"2022-01-19 18:20:36\",\"dataChangeLastModifiedBy\":\"apollo\",\"dataChangeLastModifiedTime\":\"2022-01-19 18:29:10\"},{\"namespaceId\":2,\"key\":\"spring.cloud.gateway.routes[1].uri\",\"value\":\"http://localhost:8082\",\"lineNum\":7,\"id\":14,\"isDeleted\":true,\"dataChangeCreatedBy\":\"apollo\",\"dataChangeCreatedTime\":\"2022-01-19 18:20:36\",\"dataChangeLastModifiedBy\":\"apollo\",\"dataChangeLastModifiedTime\":\"2022-01-19 18:29:10\"},{\"namespaceId\":2,\"key\":\"spring.cloud.gateway.routes[2].id\",\"value\":\"springboot-mock-gateway-dashboard\",\"lineNum\":10,\"id\":17,\"isDeleted\":true,\"dataChangeCreatedBy\":\"apollo\",\"dataChangeCreatedTime\":\"2022-01-19 18:28:05\",\"dataChangeLastModifiedBy\":\"apollo\",\"dataChangeLastModifiedTime\":\"2022-01-19 18:29:10\"},{\"namespaceId\":2,\"key\":\"spring.cloud.gateway.routes[2].predicates[0]\",\"value\":\" Path\\u003d/dashboard/**\",\"lineNum\":12,\"id\":19,\"isDeleted\":true,\"dataChangeCreatedBy\":\"apollo\",\"dataChangeCreatedTime\":\"2022-01-19 18:28:05\",\"dataChangeLastModifiedBy\":\"apollo\",\"dataChangeLastModifiedTime\":\"2022-01-19 18:29:10\"}]}','springboot-gateway','default','application',NULL,'\0','apollo','2022-01-19 18:29:10','apollo','2022-01-19 18:29:10'),(19,'{\"createItems\":[{\"namespaceId\":2,\"key\":\"spring.cloud.gateway.routes[1].id\",\"value\":\"springboot-mock-gateway-dashboard\",\"lineNum\":6,\"id\":21,\"isDeleted\":false,\"dataChangeCreatedBy\":\"apollo\",\"dataChangeCreatedTime\":\"2022-01-19 18:30:29\",\"dataChangeLastModifiedBy\":\"apollo\",\"dataChangeLastModifiedTime\":\"2022-01-19 18:30:29\"}],\"updateItems\":[],\"deleteItems\":[]}','springboot-gateway','default','application',NULL,'\0','apollo','2022-01-19 18:30:29','apollo','2022-01-19 18:30:29'),(20,'{\"createItems\":[{\"namespaceId\":2,\"key\":\"spring.cloud.gateway.routes[1].uri\",\"value\":\"http://localhost:8082\",\"lineNum\":7,\"id\":22,\"isDeleted\":false,\"dataChangeCreatedBy\":\"apollo\",\"dataChangeCreatedTime\":\"2022-01-19 18:30:29\",\"dataChangeLastModifiedBy\":\"apollo\",\"dataChangeLastModifiedTime\":\"2022-01-19 18:30:29\"}],\"updateItems\":[],\"deleteItems\":[]}','springboot-gateway','default','application',NULL,'\0','apollo','2022-01-19 18:30:29','apollo','2022-01-19 18:30:29'),(21,'{\"createItems\":[{\"namespaceId\":2,\"key\":\"spring.cloud.gateway.routes[1].predicates[0]\",\"value\":\"Path\\u003d/dashboard/**\",\"lineNum\":8,\"id\":23,\"isDeleted\":false,\"dataChangeCreatedBy\":\"apollo\",\"dataChangeCreatedTime\":\"2022-01-19 18:30:29\",\"dataChangeLastModifiedBy\":\"apollo\",\"dataChangeLastModifiedTime\":\"2022-01-19 18:30:29\"}],\"updateItems\":[],\"deleteItems\":[]}','springboot-gateway','default','application',NULL,'\0','apollo','2022-01-19 18:30:30','apollo','2022-01-19 18:30:30'),(22,'{\"createItems\":[{\"namespaceId\":2,\"key\":\"spring.cloud.gateway.routes[1].filters[0]\",\"value\":\"StripPrefix\\u003d1\",\"lineNum\":9,\"id\":24,\"isDeleted\":false,\"dataChangeCreatedBy\":\"apollo\",\"dataChangeCreatedTime\":\"2022-01-19 18:30:29\",\"dataChangeLastModifiedBy\":\"apollo\",\"dataChangeLastModifiedTime\":\"2022-01-19 18:30:29\"}],\"updateItems\":[],\"deleteItems\":[]}','springboot-gateway','default','application',NULL,'\0','apollo','2022-01-19 18:30:30','apollo','2022-01-19 18:30:30'),(23,'{\"createItems\":[],\"updateItems\":[],\"deleteItems\":[{\"namespaceId\":2,\"key\":\"spring.cloud.gateway.routes[1].filters[0]\",\"value\":\"StripPrefix\\u003d1\",\"lineNum\":9,\"id\":24,\"isDeleted\":true,\"dataChangeCreatedBy\":\"apollo\",\"dataChangeCreatedTime\":\"2022-01-19 18:30:30\",\"dataChangeLastModifiedBy\":\"apollo\",\"dataChangeLastModifiedTime\":\"2022-01-19 18:31:35\"},{\"namespaceId\":2,\"key\":\"spring.cloud.gateway.routes[1].uri\",\"value\":\"http://localhost:8082\",\"lineNum\":7,\"id\":22,\"isDeleted\":true,\"dataChangeCreatedBy\":\"apollo\",\"dataChangeCreatedTime\":\"2022-01-19 18:30:29\",\"dataChangeLastModifiedBy\":\"apollo\",\"dataChangeLastModifiedTime\":\"2022-01-19 18:31:35\"},{\"namespaceId\":2,\"key\":\"spring.cloud.gateway.routes[1].id\",\"value\":\"springboot-mock-gateway-dashboard\",\"lineNum\":6,\"id\":21,\"isDeleted\":true,\"dataChangeCreatedBy\":\"apollo\",\"dataChangeCreatedTime\":\"2022-01-19 18:30:29\",\"dataChangeLastModifiedBy\":\"apollo\",\"dataChangeLastModifiedTime\":\"2022-01-19 18:31:35\"},{\"namespaceId\":2,\"key\":\"spring.cloud.gateway.routes[1].predicates[0]\",\"value\":\"Path\\u003d/dashboard/**\",\"lineNum\":8,\"id\":23,\"isDeleted\":true,\"dataChangeCreatedBy\":\"apollo\",\"dataChangeCreatedTime\":\"2022-01-19 18:30:29\",\"dataChangeLastModifiedBy\":\"apollo\",\"dataChangeLastModifiedTime\":\"2022-01-19 18:31:35\"}]}','springboot-gateway','default','application',NULL,'\0','apollo','2022-01-19 18:31:35','apollo','2022-01-19 18:31:35'),(24,'{\"createItems\":[{\"namespaceId\":2,\"key\":\"spring.cloud.gateway.routes[1].id\",\"value\":\"springboot-mock-gateway-dashboard\",\"lineNum\":6,\"id\":25,\"isDeleted\":false,\"dataChangeCreatedBy\":\"apollo\",\"dataChangeCreatedTime\":\"2022-01-20 13:38:18\",\"dataChangeLastModifiedBy\":\"apollo\",\"dataChangeLastModifiedTime\":\"2022-01-20 13:38:18\"}],\"updateItems\":[],\"deleteItems\":[]}','springboot-gateway','default','application',NULL,'\0','apollo','2022-01-20 13:38:18','apollo','2022-01-20 13:38:18'),(25,'{\"createItems\":[{\"namespaceId\":2,\"key\":\"spring.cloud.gateway.routes[1].uri\",\"value\":\"http://localhost:8082\",\"lineNum\":7,\"id\":26,\"isDeleted\":false,\"dataChangeCreatedBy\":\"apollo\",\"dataChangeCreatedTime\":\"2022-01-20 13:38:18\",\"dataChangeLastModifiedBy\":\"apollo\",\"dataChangeLastModifiedTime\":\"2022-01-20 13:38:18\"}],\"updateItems\":[],\"deleteItems\":[]}','springboot-gateway','default','application',NULL,'\0','apollo','2022-01-20 13:38:18','apollo','2022-01-20 13:38:18'),(26,'{\"createItems\":[{\"namespaceId\":2,\"key\":\"spring.cloud.gateway.routes[1].predicates[0]\",\"value\":\"Path\\u003d/dashboard/**\",\"lineNum\":8,\"id\":27,\"isDeleted\":false,\"dataChangeCreatedBy\":\"apollo\",\"dataChangeCreatedTime\":\"2022-01-20 13:38:18\",\"dataChangeLastModifiedBy\":\"apollo\",\"dataChangeLastModifiedTime\":\"2022-01-20 13:38:18\"}],\"updateItems\":[],\"deleteItems\":[]}','springboot-gateway','default','application',NULL,'\0','apollo','2022-01-20 13:38:18','apollo','2022-01-20 13:38:18'),(27,'{\"createItems\":[{\"namespaceId\":2,\"key\":\"spring.cloud.gateway.routes[1].filters[0]\",\"value\":\"StripPrefix\\u003d1\",\"lineNum\":9,\"id\":28,\"isDeleted\":false,\"dataChangeCreatedBy\":\"apollo\",\"dataChangeCreatedTime\":\"2022-01-20 13:38:18\",\"dataChangeLastModifiedBy\":\"apollo\",\"dataChangeLastModifiedTime\":\"2022-01-20 13:38:18\"}],\"updateItems\":[],\"deleteItems\":[]}','springboot-gateway','default','application',NULL,'\0','apollo','2022-01-20 13:38:19','apollo','2022-01-20 13:38:19'),(28,'{\"createItems\":[],\"updateItems\":[{\"oldItem\":{\"namespaceId\":2,\"key\":\"spring.cloud.gateway.routes[1].uri\",\"value\":\"http://localhost:8082\",\"lineNum\":7,\"id\":26,\"isDeleted\":false,\"dataChangeCreatedBy\":\"apollo\",\"dataChangeCreatedTime\":\"2022-01-20 13:38:18\",\"dataChangeLastModifiedBy\":\"apollo\",\"dataChangeLastModifiedTime\":\"2022-01-20 13:38:18\"},\"newItem\":{\"namespaceId\":2,\"key\":\"spring.cloud.gateway.routes[1].uri\",\"value\":\"http://localhost:8083\",\"lineNum\":7,\"id\":26,\"isDeleted\":false,\"dataChangeCreatedBy\":\"apollo\",\"dataChangeCreatedTime\":\"2022-01-20 13:38:18\",\"dataChangeLastModifiedBy\":\"apollo\",\"dataChangeLastModifiedTime\":\"2022-01-20 14:27:12\"}}],\"deleteItems\":[]}','springboot-gateway','default','application',NULL,'\0','apollo','2022-01-20 14:27:13','apollo','2022-01-20 14:27:13'),(29,'{\"createItems\":[],\"updateItems\":[{\"oldItem\":{\"namespaceId\":2,\"key\":\"spring.cloud.gateway.routes[1].predicates[0]\",\"value\":\"Path\\u003d/dashboard/**\",\"lineNum\":8,\"id\":27,\"isDeleted\":false,\"dataChangeCreatedBy\":\"apollo\",\"dataChangeCreatedTime\":\"2022-01-20 13:38:18\",\"dataChangeLastModifiedBy\":\"apollo\",\"dataChangeLastModifiedTime\":\"2022-01-20 13:38:18\"},\"newItem\":{\"namespaceId\":2,\"key\":\"spring.cloud.gateway.routes[1].predicates[0]\",\"value\":\"Path\\u003d/xxx/**\",\"lineNum\":8,\"id\":27,\"isDeleted\":false,\"dataChangeCreatedBy\":\"apollo\",\"dataChangeCreatedTime\":\"2022-01-20 13:38:18\",\"dataChangeLastModifiedBy\":\"apollo\",\"dataChangeLastModifiedTime\":\"2022-01-20 14:27:13\"}}],\"deleteItems\":[]}','springboot-gateway','default','application',NULL,'\0','apollo','2022-01-20 14:27:13','apollo','2022-01-20 14:27:13'),(30,'{\"createItems\":[],\"updateItems\":[{\"oldItem\":{\"namespaceId\":2,\"key\":\"spring.cloud.gateway.routes[1].filters[0]\",\"value\":\"StripPrefix\\u003d1\",\"lineNum\":9,\"id\":28,\"isDeleted\":false,\"dataChangeCreatedBy\":\"apollo\",\"dataChangeCreatedTime\":\"2022-01-20 13:38:19\",\"dataChangeLastModifiedBy\":\"apollo\",\"dataChangeLastModifiedTime\":\"2022-01-20 13:38:19\"},\"newItem\":{\"namespaceId\":2,\"key\":\"spring.cloud.gateway.routes[1].filters[0]\",\"value\":\"StripPrefix\\u003d2\",\"lineNum\":9,\"id\":28,\"isDeleted\":false,\"dataChangeCreatedBy\":\"apollo\",\"dataChangeCreatedTime\":\"2022-01-20 13:38:19\",\"dataChangeLastModifiedBy\":\"apollo\",\"dataChangeLastModifiedTime\":\"2022-01-20 14:27:13\"}}],\"deleteItems\":[]}','springboot-gateway','default','application',NULL,'\0','apollo','2022-01-20 14:27:13','apollo','2022-01-20 14:27:13'),(31,'{\"createItems\":[],\"updateItems\":[],\"deleteItems\":[{\"namespaceId\":2,\"key\":\"spring.cloud.gateway.routes[1].uri\",\"value\":\"http://localhost:8083\",\"lineNum\":7,\"id\":26,\"isDeleted\":true,\"dataChangeCreatedBy\":\"apollo\",\"dataChangeCreatedTime\":\"2022-01-20 13:38:18\",\"dataChangeLastModifiedBy\":\"apollo\",\"dataChangeLastModifiedTime\":\"2022-01-20 14:53:24\"}]}','springboot-gateway','default','application',NULL,'\0','apollo','2022-01-20 14:53:24','apollo','2022-01-20 14:53:24'),(32,'{\"createItems\":[],\"updateItems\":[],\"deleteItems\":[{\"namespaceId\":2,\"key\":\"spring.cloud.gateway.routes[1].predicates[0]\",\"value\":\"Path\\u003d/xxx/**\",\"lineNum\":8,\"id\":27,\"isDeleted\":true,\"dataChangeCreatedBy\":\"apollo\",\"dataChangeCreatedTime\":\"2022-01-20 13:38:18\",\"dataChangeLastModifiedBy\":\"apollo\",\"dataChangeLastModifiedTime\":\"2022-01-20 14:53:24\"}]}','springboot-gateway','default','application',NULL,'\0','apollo','2022-01-20 14:53:24','apollo','2022-01-20 14:53:24'),(33,'{\"createItems\":[],\"updateItems\":[],\"deleteItems\":[{\"namespaceId\":2,\"key\":\"spring.cloud.gateway.routes[1].filters[0]\",\"value\":\"StripPrefix\\u003d2\",\"lineNum\":9,\"id\":28,\"isDeleted\":true,\"dataChangeCreatedBy\":\"apollo\",\"dataChangeCreatedTime\":\"2022-01-20 13:38:19\",\"dataChangeLastModifiedBy\":\"apollo\",\"dataChangeLastModifiedTime\":\"2022-01-20 14:53:24\"}]}','springboot-gateway','default','application',NULL,'\0','apollo','2022-01-20 14:53:24','apollo','2022-01-20 14:53:24'),(34,'{\"createItems\":[],\"updateItems\":[],\"deleteItems\":[{\"namespaceId\":2,\"key\":\"spring.cloud.gateway.routes[1].id\",\"value\":\"springboot-mock-gateway-dashboard\",\"lineNum\":6,\"id\":25,\"isDeleted\":true,\"dataChangeCreatedBy\":\"apollo\",\"dataChangeCreatedTime\":\"2022-01-20 13:38:18\",\"dataChangeLastModifiedBy\":\"apollo\",\"dataChangeLastModifiedTime\":\"2022-01-20 14:54:08\"}]}','springboot-gateway','default','application',NULL,'\0','apollo','2022-01-20 14:54:09','apollo','2022-01-20 14:54:09'),(35,'{\"createItems\":[{\"namespaceId\":2,\"key\":\"spring.cloud.gateway.routes[1].id\",\"value\":\"springboot-mock-gateway-dashboard\",\"lineNum\":6,\"id\":29,\"isDeleted\":false,\"dataChangeCreatedBy\":\"apollo\",\"dataChangeCreatedTime\":\"2022-01-20 14:58:02\",\"dataChangeLastModifiedBy\":\"apollo\",\"dataChangeLastModifiedTime\":\"2022-01-20 14:58:02\"}],\"updateItems\":[],\"deleteItems\":[]}','springboot-gateway','default','application',NULL,'\0','apollo','2022-01-20 14:58:03','apollo','2022-01-20 14:58:03'),(36,'{\"createItems\":[{\"namespaceId\":2,\"key\":\"spring.cloud.gateway.routes[1].uri\",\"value\":\"http://localhost:8082\",\"lineNum\":7,\"id\":30,\"isDeleted\":false,\"dataChangeCreatedBy\":\"apollo\",\"dataChangeCreatedTime\":\"2022-01-20 14:58:03\",\"dataChangeLastModifiedBy\":\"apollo\",\"dataChangeLastModifiedTime\":\"2022-01-20 14:58:03\"}],\"updateItems\":[],\"deleteItems\":[]}','springboot-gateway','default','application',NULL,'\0','apollo','2022-01-20 14:58:03','apollo','2022-01-20 14:58:03'),(37,'{\"createItems\":[{\"namespaceId\":2,\"key\":\"spring.cloud.gateway.routes[1].predicates[0]\",\"value\":\"Path\\u003d/dashboard/**\",\"lineNum\":8,\"id\":31,\"isDeleted\":false,\"dataChangeCreatedBy\":\"apollo\",\"dataChangeCreatedTime\":\"2022-01-20 14:58:03\",\"dataChangeLastModifiedBy\":\"apollo\",\"dataChangeLastModifiedTime\":\"2022-01-20 14:58:03\"}],\"updateItems\":[],\"deleteItems\":[]}','springboot-gateway','default','application',NULL,'\0','apollo','2022-01-20 14:58:03','apollo','2022-01-20 14:58:03'),(38,'{\"createItems\":[{\"namespaceId\":2,\"key\":\"spring.cloud.gateway.routes[1].filters[0]\",\"value\":\"StripPrefix\\u003d1\",\"lineNum\":9,\"id\":32,\"isDeleted\":false,\"dataChangeCreatedBy\":\"apollo\",\"dataChangeCreatedTime\":\"2022-01-20 14:58:03\",\"dataChangeLastModifiedBy\":\"apollo\",\"dataChangeLastModifiedTime\":\"2022-01-20 14:58:03\"}],\"updateItems\":[],\"deleteItems\":[]}','springboot-gateway','default','application',NULL,'\0','apollo','2022-01-20 14:58:04','apollo','2022-01-20 14:58:04'),(39,'{\"createItems\":[],\"updateItems\":[{\"oldItem\":{\"namespaceId\":2,\"key\":\"spring.cloud.gateway.routes[1].uri\",\"value\":\"http://localhost:8082\",\"lineNum\":7,\"id\":30,\"isDeleted\":false,\"dataChangeCreatedBy\":\"apollo\",\"dataChangeCreatedTime\":\"2022-01-20 14:58:03\",\"dataChangeLastModifiedBy\":\"apollo\",\"dataChangeLastModifiedTime\":\"2022-01-20 14:58:03\"},\"newItem\":{\"namespaceId\":2,\"key\":\"spring.cloud.gateway.routes[1].uri\",\"value\":\"http://localhost:8083\",\"lineNum\":7,\"id\":30,\"isDeleted\":false,\"dataChangeCreatedBy\":\"apollo\",\"dataChangeCreatedTime\":\"2022-01-20 14:58:03\",\"dataChangeLastModifiedBy\":\"apollo\",\"dataChangeLastModifiedTime\":\"2022-01-20 14:59:10\"}}],\"deleteItems\":[]}','springboot-gateway','default','application',NULL,'\0','apollo','2022-01-20 14:59:10','apollo','2022-01-20 14:59:10'),(40,'{\"createItems\":[],\"updateItems\":[{\"oldItem\":{\"namespaceId\":2,\"key\":\"spring.cloud.gateway.routes[1].predicates[0]\",\"value\":\"Path\\u003d/dashboard/**\",\"lineNum\":8,\"id\":31,\"isDeleted\":false,\"dataChangeCreatedBy\":\"apollo\",\"dataChangeCreatedTime\":\"2022-01-20 14:58:03\",\"dataChangeLastModifiedBy\":\"apollo\",\"dataChangeLastModifiedTime\":\"2022-01-20 14:58:03\"},\"newItem\":{\"namespaceId\":2,\"key\":\"spring.cloud.gateway.routes[1].predicates[0]\",\"value\":\"Path\\u003d/xxx/**\",\"lineNum\":8,\"id\":31,\"isDeleted\":false,\"dataChangeCreatedBy\":\"apollo\",\"dataChangeCreatedTime\":\"2022-01-20 14:58:03\",\"dataChangeLastModifiedBy\":\"apollo\",\"dataChangeLastModifiedTime\":\"2022-01-20 14:59:10\"}}],\"deleteItems\":[]}','springboot-gateway','default','application',NULL,'\0','apollo','2022-01-20 14:59:11','apollo','2022-01-20 14:59:11'),(41,'{\"createItems\":[],\"updateItems\":[{\"oldItem\":{\"namespaceId\":2,\"key\":\"spring.cloud.gateway.routes[1].filters[0]\",\"value\":\"StripPrefix\\u003d1\",\"lineNum\":9,\"id\":32,\"isDeleted\":false,\"dataChangeCreatedBy\":\"apollo\",\"dataChangeCreatedTime\":\"2022-01-20 14:58:04\",\"dataChangeLastModifiedBy\":\"apollo\",\"dataChangeLastModifiedTime\":\"2022-01-20 14:58:04\"},\"newItem\":{\"namespaceId\":2,\"key\":\"spring.cloud.gateway.routes[1].filters[0]\",\"value\":\"StripPrefix\\u003d2\",\"lineNum\":9,\"id\":32,\"isDeleted\":false,\"dataChangeCreatedBy\":\"apollo\",\"dataChangeCreatedTime\":\"2022-01-20 14:58:04\",\"dataChangeLastModifiedBy\":\"apollo\",\"dataChangeLastModifiedTime\":\"2022-01-20 14:59:10\"}}],\"deleteItems\":[]}','springboot-gateway','default','application',NULL,'\0','apollo','2022-01-20 14:59:11','apollo','2022-01-20 14:59:11'),(42,'{\"createItems\":[],\"updateItems\":[],\"deleteItems\":[{\"namespaceId\":2,\"key\":\"spring.cloud.gateway.routes[1].uri\",\"value\":\"http://localhost:8083\",\"lineNum\":7,\"id\":30,\"isDeleted\":true,\"dataChangeCreatedBy\":\"apollo\",\"dataChangeCreatedTime\":\"2022-01-20 14:58:03\",\"dataChangeLastModifiedBy\":\"apollo\",\"dataChangeLastModifiedTime\":\"2022-01-20 14:59:46\"}]}','springboot-gateway','default','application',NULL,'\0','apollo','2022-01-20 14:59:46','apollo','2022-01-20 14:59:46'),(43,'{\"createItems\":[],\"updateItems\":[],\"deleteItems\":[{\"namespaceId\":2,\"key\":\"spring.cloud.gateway.routes[1].predicates[0]\",\"value\":\"Path\\u003d/xxx/**\",\"lineNum\":8,\"id\":31,\"isDeleted\":true,\"dataChangeCreatedBy\":\"apollo\",\"dataChangeCreatedTime\":\"2022-01-20 14:58:03\",\"dataChangeLastModifiedBy\":\"apollo\",\"dataChangeLastModifiedTime\":\"2022-01-20 14:59:46\"}]}','springboot-gateway','default','application',NULL,'\0','apollo','2022-01-20 14:59:46','apollo','2022-01-20 14:59:46'),(44,'{\"createItems\":[],\"updateItems\":[],\"deleteItems\":[{\"namespaceId\":2,\"key\":\"spring.cloud.gateway.routes[1].filters[0]\",\"value\":\"StripPrefix\\u003d2\",\"lineNum\":9,\"id\":32,\"isDeleted\":true,\"dataChangeCreatedBy\":\"apollo\",\"dataChangeCreatedTime\":\"2022-01-20 14:58:04\",\"dataChangeLastModifiedBy\":\"apollo\",\"dataChangeLastModifiedTime\":\"2022-01-20 14:59:46\"}]}','springboot-gateway','default','application',NULL,'\0','apollo','2022-01-20 14:59:46','apollo','2022-01-20 14:59:46'),(45,'{\"createItems\":[],\"updateItems\":[],\"deleteItems\":[{\"namespaceId\":2,\"key\":\"spring.cloud.gateway.routes[1].id\",\"value\":\"springboot-mock-gateway-dashboard\",\"lineNum\":6,\"id\":29,\"isDeleted\":true,\"dataChangeCreatedBy\":\"apollo\",\"dataChangeCreatedTime\":\"2022-01-20 14:58:03\",\"dataChangeLastModifiedBy\":\"apollo\",\"dataChangeLastModifiedTime\":\"2022-01-20 15:00:33\"}]}','springboot-gateway','default','application',NULL,'\0','apollo','2022-01-20 15:00:33','apollo','2022-01-20 15:00:33'),(46,'{\"createItems\":[{\"namespaceId\":2,\"key\":\"spring.cloud.gateway.routes[1].id\",\"value\":\"springboot-mock-gateway-dashboard\",\"lineNum\":6,\"id\":33,\"isDeleted\":false,\"dataChangeCreatedBy\":\"apollo\",\"dataChangeCreatedTime\":\"2022-01-20 15:10:57\",\"dataChangeLastModifiedBy\":\"apollo\",\"dataChangeLastModifiedTime\":\"2022-01-20 15:10:57\"}],\"updateItems\":[],\"deleteItems\":[]}','springboot-gateway','default','application',NULL,'\0','apollo','2022-01-20 15:10:58','apollo','2022-01-20 15:10:58'),(47,'{\"createItems\":[{\"namespaceId\":2,\"key\":\"spring.cloud.gateway.routes[1].uri\",\"value\":\"http://localhost:8082\",\"lineNum\":7,\"id\":34,\"isDeleted\":false,\"dataChangeCreatedBy\":\"apollo\",\"dataChangeCreatedTime\":\"2022-01-20 15:10:58\",\"dataChangeLastModifiedBy\":\"apollo\",\"dataChangeLastModifiedTime\":\"2022-01-20 15:10:58\"}],\"updateItems\":[],\"deleteItems\":[]}','springboot-gateway','default','application',NULL,'\0','apollo','2022-01-20 15:10:58','apollo','2022-01-20 15:10:58'),(48,'{\"createItems\":[{\"namespaceId\":2,\"key\":\"spring.cloud.gateway.routes[1].predicates[0]\",\"value\":\"Path\\u003d/dashboard/**\",\"lineNum\":8,\"id\":35,\"isDeleted\":false,\"dataChangeCreatedBy\":\"apollo\",\"dataChangeCreatedTime\":\"2022-01-20 15:10:58\",\"dataChangeLastModifiedBy\":\"apollo\",\"dataChangeLastModifiedTime\":\"2022-01-20 15:10:58\"}],\"updateItems\":[],\"deleteItems\":[]}','springboot-gateway','default','application',NULL,'\0','apollo','2022-01-20 15:10:58','apollo','2022-01-20 15:10:58'),(49,'{\"createItems\":[{\"namespaceId\":2,\"key\":\"spring.cloud.gateway.routes[1].filters[0]\",\"value\":\"StripPrefix\\u003d1\",\"lineNum\":9,\"id\":36,\"isDeleted\":false,\"dataChangeCreatedBy\":\"apollo\",\"dataChangeCreatedTime\":\"2022-01-20 15:10:58\",\"dataChangeLastModifiedBy\":\"apollo\",\"dataChangeLastModifiedTime\":\"2022-01-20 15:10:58\"}],\"updateItems\":[],\"deleteItems\":[]}','springboot-gateway','default','application',NULL,'\0','apollo','2022-01-20 15:10:59','apollo','2022-01-20 15:10:59'),(50,'{\"createItems\":[],\"updateItems\":[{\"oldItem\":{\"namespaceId\":2,\"key\":\"spring.cloud.gateway.routes[1].uri\",\"value\":\"http://localhost:8082\",\"lineNum\":7,\"id\":34,\"isDeleted\":false,\"dataChangeCreatedBy\":\"apollo\",\"dataChangeCreatedTime\":\"2022-01-20 15:10:58\",\"dataChangeLastModifiedBy\":\"apollo\",\"dataChangeLastModifiedTime\":\"2022-01-20 15:10:58\"},\"newItem\":{\"namespaceId\":2,\"key\":\"spring.cloud.gateway.routes[1].uri\",\"value\":\"http://localhost:8083\",\"lineNum\":7,\"id\":34,\"isDeleted\":false,\"dataChangeCreatedBy\":\"apollo\",\"dataChangeCreatedTime\":\"2022-01-20 15:10:58\",\"dataChangeLastModifiedBy\":\"apollo\",\"dataChangeLastModifiedTime\":\"2022-01-20 15:11:38\"}}],\"deleteItems\":[]}','springboot-gateway','default','application',NULL,'\0','apollo','2022-01-20 15:11:38','apollo','2022-01-20 15:11:38'),(51,'{\"createItems\":[],\"updateItems\":[{\"oldItem\":{\"namespaceId\":2,\"key\":\"spring.cloud.gateway.routes[1].predicates[0]\",\"value\":\"Path\\u003d/dashboard/**\",\"lineNum\":8,\"id\":35,\"isDeleted\":false,\"dataChangeCreatedBy\":\"apollo\",\"dataChangeCreatedTime\":\"2022-01-20 15:10:58\",\"dataChangeLastModifiedBy\":\"apollo\",\"dataChangeLastModifiedTime\":\"2022-01-20 15:10:58\"},\"newItem\":{\"namespaceId\":2,\"key\":\"spring.cloud.gateway.routes[1].predicates[0]\",\"value\":\"Path\\u003d/xxx/**\",\"lineNum\":8,\"id\":35,\"isDeleted\":false,\"dataChangeCreatedBy\":\"apollo\",\"dataChangeCreatedTime\":\"2022-01-20 15:10:58\",\"dataChangeLastModifiedBy\":\"apollo\",\"dataChangeLastModifiedTime\":\"2022-01-20 15:11:38\"}}],\"deleteItems\":[]}','springboot-gateway','default','application',NULL,'\0','apollo','2022-01-20 15:11:38','apollo','2022-01-20 15:11:38'),(52,'{\"createItems\":[],\"updateItems\":[{\"oldItem\":{\"namespaceId\":2,\"key\":\"spring.cloud.gateway.routes[1].filters[0]\",\"value\":\"StripPrefix\\u003d1\",\"lineNum\":9,\"id\":36,\"isDeleted\":false,\"dataChangeCreatedBy\":\"apollo\",\"dataChangeCreatedTime\":\"2022-01-20 15:10:59\",\"dataChangeLastModifiedBy\":\"apollo\",\"dataChangeLastModifiedTime\":\"2022-01-20 15:10:59\"},\"newItem\":{\"namespaceId\":2,\"key\":\"spring.cloud.gateway.routes[1].filters[0]\",\"value\":\"StripPrefix\\u003d2\",\"lineNum\":9,\"id\":36,\"isDeleted\":false,\"dataChangeCreatedBy\":\"apollo\",\"dataChangeCreatedTime\":\"2022-01-20 15:10:59\",\"dataChangeLastModifiedBy\":\"apollo\",\"dataChangeLastModifiedTime\":\"2022-01-20 15:11:38\"}}],\"deleteItems\":[]}','springboot-gateway','default','application',NULL,'\0','apollo','2022-01-20 15:11:38','apollo','2022-01-20 15:11:38'),(53,'{\"createItems\":[],\"updateItems\":[],\"deleteItems\":[{\"namespaceId\":2,\"key\":\"spring.cloud.gateway.routes[1].uri\",\"value\":\"http://localhost:8083\",\"lineNum\":7,\"id\":34,\"isDeleted\":true,\"dataChangeCreatedBy\":\"apollo\",\"dataChangeCreatedTime\":\"2022-01-20 15:10:58\",\"dataChangeLastModifiedBy\":\"apollo\",\"dataChangeLastModifiedTime\":\"2022-01-20 15:12:11\"}]}','springboot-gateway','default','application',NULL,'\0','apollo','2022-01-20 15:12:11','apollo','2022-01-20 15:12:11'),(54,'{\"createItems\":[],\"updateItems\":[],\"deleteItems\":[{\"namespaceId\":2,\"key\":\"spring.cloud.gateway.routes[1].predicates[0]\",\"value\":\"Path\\u003d/xxx/**\",\"lineNum\":8,\"id\":35,\"isDeleted\":true,\"dataChangeCreatedBy\":\"apollo\",\"dataChangeCreatedTime\":\"2022-01-20 15:10:58\",\"dataChangeLastModifiedBy\":\"apollo\",\"dataChangeLastModifiedTime\":\"2022-01-20 15:12:11\"}]}','springboot-gateway','default','application',NULL,'\0','apollo','2022-01-20 15:12:11','apollo','2022-01-20 15:12:11'),(55,'{\"createItems\":[],\"updateItems\":[],\"deleteItems\":[{\"namespaceId\":2,\"key\":\"spring.cloud.gateway.routes[1].filters[0]\",\"value\":\"StripPrefix\\u003d2\",\"lineNum\":9,\"id\":36,\"isDeleted\":true,\"dataChangeCreatedBy\":\"apollo\",\"dataChangeCreatedTime\":\"2022-01-20 15:10:59\",\"dataChangeLastModifiedBy\":\"apollo\",\"dataChangeLastModifiedTime\":\"2022-01-20 15:12:11\"}]}','springboot-gateway','default','application',NULL,'\0','apollo','2022-01-20 15:12:11','apollo','2022-01-20 15:12:11'),(56,'{\"createItems\":[{\"namespaceId\":2,\"key\":\"spring.cloud.gateway.routes[2].id\",\"value\":\"springboot-mock-gateway-dashboard\",\"lineNum\":7,\"id\":37,\"isDeleted\":false,\"dataChangeCreatedBy\":\"apollo\",\"dataChangeCreatedTime\":\"2022-01-20 15:15:10\",\"dataChangeLastModifiedBy\":\"apollo\",\"dataChangeLastModifiedTime\":\"2022-01-20 15:15:10\"}],\"updateItems\":[],\"deleteItems\":[]}','springboot-gateway','default','application',NULL,'\0','apollo','2022-01-20 15:15:10','apollo','2022-01-20 15:15:10'),(57,'{\"createItems\":[{\"namespaceId\":2,\"key\":\"spring.cloud.gateway.routes[2].uri\",\"value\":\"http://localhost:8082\",\"lineNum\":8,\"id\":38,\"isDeleted\":false,\"dataChangeCreatedBy\":\"apollo\",\"dataChangeCreatedTime\":\"2022-01-20 15:15:10\",\"dataChangeLastModifiedBy\":\"apollo\",\"dataChangeLastModifiedTime\":\"2022-01-20 15:15:10\"}],\"updateItems\":[],\"deleteItems\":[]}','springboot-gateway','default','application',NULL,'\0','apollo','2022-01-20 15:15:11','apollo','2022-01-20 15:15:11'),(58,'{\"createItems\":[{\"namespaceId\":2,\"key\":\"spring.cloud.gateway.routes[2].predicates[0]\",\"value\":\"Path\\u003d/dashboard/**\",\"lineNum\":9,\"id\":39,\"isDeleted\":false,\"dataChangeCreatedBy\":\"apollo\",\"dataChangeCreatedTime\":\"2022-01-20 15:15:11\",\"dataChangeLastModifiedBy\":\"apollo\",\"dataChangeLastModifiedTime\":\"2022-01-20 15:15:11\"}],\"updateItems\":[],\"deleteItems\":[]}','springboot-gateway','default','application',NULL,'\0','apollo','2022-01-20 15:15:11','apollo','2022-01-20 15:15:11'),(59,'{\"createItems\":[{\"namespaceId\":2,\"key\":\"spring.cloud.gateway.routes[2].filters[0]\",\"value\":\"StripPrefix\\u003d1\",\"lineNum\":10,\"id\":40,\"isDeleted\":false,\"dataChangeCreatedBy\":\"apollo\",\"dataChangeCreatedTime\":\"2022-01-20 15:15:11\",\"dataChangeLastModifiedBy\":\"apollo\",\"dataChangeLastModifiedTime\":\"2022-01-20 15:15:11\"}],\"updateItems\":[],\"deleteItems\":[]}','springboot-gateway','default','application',NULL,'\0','apollo','2022-01-20 15:15:11','apollo','2022-01-20 15:15:11'),(60,'{\"createItems\":[],\"updateItems\":[],\"deleteItems\":[{\"namespaceId\":2,\"key\":\"spring.cloud.gateway.routes[2].filters[0]\",\"value\":\"StripPrefix\\u003d1\",\"lineNum\":10,\"id\":40,\"isDeleted\":true,\"dataChangeCreatedBy\":\"apollo\",\"dataChangeCreatedTime\":\"2022-01-20 15:15:11\",\"dataChangeLastModifiedBy\":\"apollo\",\"dataChangeLastModifiedTime\":\"2022-01-20 15:18:36\"},{\"namespaceId\":2,\"key\":\"spring.cloud.gateway.routes[2].uri\",\"value\":\"http://localhost:8082\",\"lineNum\":8,\"id\":38,\"isDeleted\":true,\"dataChangeCreatedBy\":\"apollo\",\"dataChangeCreatedTime\":\"2022-01-20 15:15:11\",\"dataChangeLastModifiedBy\":\"apollo\",\"dataChangeLastModifiedTime\":\"2022-01-20 15:18:36\"},{\"namespaceId\":2,\"key\":\"spring.cloud.gateway.routes[2].id\",\"value\":\"springboot-mock-gateway-dashboard\",\"lineNum\":7,\"id\":37,\"isDeleted\":true,\"dataChangeCreatedBy\":\"apollo\",\"dataChangeCreatedTime\":\"2022-01-20 15:15:10\",\"dataChangeLastModifiedBy\":\"apollo\",\"dataChangeLastModifiedTime\":\"2022-01-20 15:18:36\"},{\"namespaceId\":2,\"key\":\"spring.cloud.gateway.routes[1].id\",\"value\":\"springboot-mock-gateway-dashboard\",\"lineNum\":6,\"id\":33,\"isDeleted\":true,\"dataChangeCreatedBy\":\"apollo\",\"dataChangeCreatedTime\":\"2022-01-20 15:10:58\",\"dataChangeLastModifiedBy\":\"apollo\",\"dataChangeLastModifiedTime\":\"2022-01-20 15:18:36\"},{\"namespaceId\":2,\"key\":\"spring.cloud.gateway.routes[2].predicates[0]\",\"value\":\"Path\\u003d/dashboard/**\",\"lineNum\":9,\"id\":39,\"isDeleted\":true,\"dataChangeCreatedBy\":\"apollo\",\"dataChangeCreatedTime\":\"2022-01-20 15:15:11\",\"dataChangeLastModifiedBy\":\"apollo\",\"dataChangeLastModifiedTime\":\"2022-01-20 15:18:36\"}]}','springboot-gateway','default','application',NULL,'\0','apollo','2022-01-20 15:18:36','apollo','2022-01-20 15:18:36'),(61,'{\"createItems\":[{\"namespaceId\":2,\"key\":\"spring.cloud.gateway.routes[1].id\",\"value\":\"springboot-mock-gateway-dashboard\",\"lineNum\":6,\"id\":41,\"isDeleted\":false,\"dataChangeCreatedBy\":\"apollo\",\"dataChangeCreatedTime\":\"2022-01-20 15:27:03\",\"dataChangeLastModifiedBy\":\"apollo\",\"dataChangeLastModifiedTime\":\"2022-01-20 15:27:03\"}],\"updateItems\":[],\"deleteItems\":[]}','springboot-gateway','default','application',NULL,'\0','apollo','2022-01-20 15:27:03','apollo','2022-01-20 15:27:03'),(62,'{\"createItems\":[{\"namespaceId\":2,\"key\":\"spring.cloud.gateway.routes[1].uri\",\"value\":\"http://localhost:8082\",\"lineNum\":7,\"id\":42,\"isDeleted\":false,\"dataChangeCreatedBy\":\"apollo\",\"dataChangeCreatedTime\":\"2022-01-20 15:27:03\",\"dataChangeLastModifiedBy\":\"apollo\",\"dataChangeLastModifiedTime\":\"2022-01-20 15:27:03\"}],\"updateItems\":[],\"deleteItems\":[]}','springboot-gateway','default','application',NULL,'\0','apollo','2022-01-20 15:27:03','apollo','2022-01-20 15:27:03'),(63,'{\"createItems\":[{\"namespaceId\":2,\"key\":\"spring.cloud.gateway.routes[1].predicates[0]\",\"value\":\"Path\\u003d/dashboard/**\",\"lineNum\":8,\"id\":43,\"isDeleted\":false,\"dataChangeCreatedBy\":\"apollo\",\"dataChangeCreatedTime\":\"2022-01-20 15:27:03\",\"dataChangeLastModifiedBy\":\"apollo\",\"dataChangeLastModifiedTime\":\"2022-01-20 15:27:03\"}],\"updateItems\":[],\"deleteItems\":[]}','springboot-gateway','default','application',NULL,'\0','apollo','2022-01-20 15:27:04','apollo','2022-01-20 15:27:04'),(64,'{\"createItems\":[{\"namespaceId\":2,\"key\":\"spring.cloud.gateway.routes[1].filters[0]\",\"value\":\"StripPrefix\\u003d1\",\"lineNum\":9,\"id\":44,\"isDeleted\":false,\"dataChangeCreatedBy\":\"apollo\",\"dataChangeCreatedTime\":\"2022-01-20 15:27:03\",\"dataChangeLastModifiedBy\":\"apollo\",\"dataChangeLastModifiedTime\":\"2022-01-20 15:27:03\"}],\"updateItems\":[],\"deleteItems\":[]}','springboot-gateway','default','application',NULL,'\0','apollo','2022-01-20 15:27:04','apollo','2022-01-20 15:27:04'),(65,'{\"createItems\":[],\"updateItems\":[{\"oldItem\":{\"namespaceId\":2,\"key\":\"spring.cloud.gateway.routes[1].uri\",\"value\":\"http://localhost:8082\",\"lineNum\":7,\"id\":42,\"isDeleted\":false,\"dataChangeCreatedBy\":\"apollo\",\"dataChangeCreatedTime\":\"2022-01-20 15:27:03\",\"dataChangeLastModifiedBy\":\"apollo\",\"dataChangeLastModifiedTime\":\"2022-01-20 15:27:03\"},\"newItem\":{\"namespaceId\":2,\"key\":\"spring.cloud.gateway.routes[1].uri\",\"value\":\"-1\",\"lineNum\":7,\"id\":42,\"isDeleted\":false,\"dataChangeCreatedBy\":\"apollo\",\"dataChangeCreatedTime\":\"2022-01-20 15:27:03\",\"dataChangeLastModifiedBy\":\"apollo\",\"dataChangeLastModifiedTime\":\"2022-01-20 15:27:39\"}}],\"deleteItems\":[]}','springboot-gateway','default','application',NULL,'\0','apollo','2022-01-20 15:27:40','apollo','2022-01-20 15:27:40'),(66,'{\"createItems\":[],\"updateItems\":[{\"oldItem\":{\"namespaceId\":2,\"key\":\"spring.cloud.gateway.routes[1].predicates[0]\",\"value\":\"Path\\u003d/dashboard/**\",\"lineNum\":8,\"id\":43,\"isDeleted\":false,\"dataChangeCreatedBy\":\"apollo\",\"dataChangeCreatedTime\":\"2022-01-20 15:27:04\",\"dataChangeLastModifiedBy\":\"apollo\",\"dataChangeLastModifiedTime\":\"2022-01-20 15:27:04\"},\"newItem\":{\"namespaceId\":2,\"key\":\"spring.cloud.gateway.routes[1].predicates[0]\",\"value\":\"-1\",\"lineNum\":8,\"id\":43,\"isDeleted\":false,\"dataChangeCreatedBy\":\"apollo\",\"dataChangeCreatedTime\":\"2022-01-20 15:27:04\",\"dataChangeLastModifiedBy\":\"apollo\",\"dataChangeLastModifiedTime\":\"2022-01-20 15:27:40\"}}],\"deleteItems\":[]}','springboot-gateway','default','application',NULL,'\0','apollo','2022-01-20 15:27:40','apollo','2022-01-20 15:27:40'),(67,'{\"createItems\":[],\"updateItems\":[{\"oldItem\":{\"namespaceId\":2,\"key\":\"spring.cloud.gateway.routes[1].filters[0]\",\"value\":\"StripPrefix\\u003d1\",\"lineNum\":9,\"id\":44,\"isDeleted\":false,\"dataChangeCreatedBy\":\"apollo\",\"dataChangeCreatedTime\":\"2022-01-20 15:27:04\",\"dataChangeLastModifiedBy\":\"apollo\",\"dataChangeLastModifiedTime\":\"2022-01-20 15:27:04\"},\"newItem\":{\"namespaceId\":2,\"key\":\"spring.cloud.gateway.routes[1].filters[0]\",\"value\":\"-1\",\"lineNum\":9,\"id\":44,\"isDeleted\":false,\"dataChangeCreatedBy\":\"apollo\",\"dataChangeCreatedTime\":\"2022-01-20 15:27:04\",\"dataChangeLastModifiedBy\":\"apollo\",\"dataChangeLastModifiedTime\":\"2022-01-20 15:27:40\"}}],\"deleteItems\":[]}','springboot-gateway','default','application',NULL,'\0','apollo','2022-01-20 15:27:40','apollo','2022-01-20 15:27:40'),(68,'{\"createItems\":[],\"updateItems\":[],\"deleteItems\":[{\"namespaceId\":2,\"key\":\"spring.cloud.gateway.routes[1].filters[0]\",\"value\":\"-1\",\"lineNum\":9,\"id\":44,\"isDeleted\":true,\"dataChangeCreatedBy\":\"apollo\",\"dataChangeCreatedTime\":\"2022-01-20 15:27:04\",\"dataChangeLastModifiedBy\":\"apollo\",\"dataChangeLastModifiedTime\":\"2022-01-20 15:59:57\"},{\"namespaceId\":2,\"key\":\"spring.cloud.gateway.routes[1].uri\",\"value\":\"-1\",\"lineNum\":7,\"id\":42,\"isDeleted\":true,\"dataChangeCreatedBy\":\"apollo\",\"dataChangeCreatedTime\":\"2022-01-20 15:27:03\",\"dataChangeLastModifiedBy\":\"apollo\",\"dataChangeLastModifiedTime\":\"2022-01-20 15:59:57\"},{\"namespaceId\":2,\"key\":\"spring.cloud.gateway.routes[1].id\",\"value\":\"springboot-mock-gateway-dashboard\",\"lineNum\":6,\"id\":41,\"isDeleted\":true,\"dataChangeCreatedBy\":\"apollo\",\"dataChangeCreatedTime\":\"2022-01-20 15:27:03\",\"dataChangeLastModifiedBy\":\"apollo\",\"dataChangeLastModifiedTime\":\"2022-01-20 15:59:57\"},{\"namespaceId\":2,\"key\":\"spring.cloud.gateway.routes[1].predicates[0]\",\"value\":\"-1\",\"lineNum\":8,\"id\":43,\"isDeleted\":true,\"dataChangeCreatedBy\":\"apollo\",\"dataChangeCreatedTime\":\"2022-01-20 15:27:04\",\"dataChangeLastModifiedBy\":\"apollo\",\"dataChangeLastModifiedTime\":\"2022-01-20 15:59:57\"}]}','springboot-gateway','default','application',NULL,'\0','apollo','2022-01-20 15:59:57','apollo','2022-01-20 15:59:57'),(69,'{\"createItems\":[{\"namespaceId\":2,\"key\":\"spring.cloud.gateway.routes[1].id\",\"value\":\"springboot-mock-gateway-dashboard\",\"lineNum\":6,\"id\":45,\"isDeleted\":false,\"dataChangeCreatedBy\":\"apollo\",\"dataChangeCreatedTime\":\"2022-01-20 16:00:45\",\"dataChangeLastModifiedBy\":\"apollo\",\"dataChangeLastModifiedTime\":\"2022-01-20 16:00:45\"}],\"updateItems\":[],\"deleteItems\":[]}','springboot-gateway','default','application',NULL,'\0','apollo','2022-01-20 16:00:46','apollo','2022-01-20 16:00:46'),(70,'{\"createItems\":[{\"namespaceId\":2,\"key\":\"spring.cloud.gateway.routes[1].uri\",\"value\":\"http://localhost:8082\",\"lineNum\":7,\"id\":46,\"isDeleted\":false,\"dataChangeCreatedBy\":\"apollo\",\"dataChangeCreatedTime\":\"2022-01-20 16:00:46\",\"dataChangeLastModifiedBy\":\"apollo\",\"dataChangeLastModifiedTime\":\"2022-01-20 16:00:46\"}],\"updateItems\":[],\"deleteItems\":[]}','springboot-gateway','default','application',NULL,'\0','apollo','2022-01-20 16:00:46','apollo','2022-01-20 16:00:46'),(71,'{\"createItems\":[{\"namespaceId\":2,\"key\":\"spring.cloud.gateway.routes[1].predicates[0]\",\"value\":\"Path\\u003d/dashboard/**\",\"lineNum\":8,\"id\":47,\"isDeleted\":false,\"dataChangeCreatedBy\":\"apollo\",\"dataChangeCreatedTime\":\"2022-01-20 16:00:46\",\"dataChangeLastModifiedBy\":\"apollo\",\"dataChangeLastModifiedTime\":\"2022-01-20 16:00:46\"}],\"updateItems\":[],\"deleteItems\":[]}','springboot-gateway','default','application',NULL,'\0','apollo','2022-01-20 16:00:47','apollo','2022-01-20 16:00:47'),(72,'{\"createItems\":[{\"namespaceId\":2,\"key\":\"spring.cloud.gateway.routes[1].filters[0]\",\"value\":\"StripPrefix\\u003d1\",\"lineNum\":9,\"id\":48,\"isDeleted\":false,\"dataChangeCreatedBy\":\"apollo\",\"dataChangeCreatedTime\":\"2022-01-20 16:00:46\",\"dataChangeLastModifiedBy\":\"apollo\",\"dataChangeLastModifiedTime\":\"2022-01-20 16:00:46\"}],\"updateItems\":[],\"deleteItems\":[]}','springboot-gateway','default','application',NULL,'\0','apollo','2022-01-20 16:00:47','apollo','2022-01-20 16:00:47'),(73,'{\"createItems\":[{\"namespaceId\":2,\"key\":\"spring.cloud.gateway.routes[2].id\",\"value\":\"springboot-mock-gateway-dashboard\",\"lineNum\":10,\"id\":49,\"isDeleted\":false,\"dataChangeCreatedBy\":\"apollo\",\"dataChangeCreatedTime\":\"2022-01-20 16:02:02\",\"dataChangeLastModifiedBy\":\"apollo\",\"dataChangeLastModifiedTime\":\"2022-01-20 16:02:02\"}],\"updateItems\":[],\"deleteItems\":[]}','springboot-gateway','default','application',NULL,'\0','apollo','2022-01-20 16:02:02','apollo','2022-01-20 16:02:02'),(74,'{\"createItems\":[{\"namespaceId\":2,\"key\":\"spring.cloud.gateway.routes[2].uri\",\"value\":\"http://localhost:8082\",\"lineNum\":11,\"id\":50,\"isDeleted\":false,\"dataChangeCreatedBy\":\"apollo\",\"dataChangeCreatedTime\":\"2022-01-20 16:02:02\",\"dataChangeLastModifiedBy\":\"apollo\",\"dataChangeLastModifiedTime\":\"2022-01-20 16:02:02\"}],\"updateItems\":[],\"deleteItems\":[]}','springboot-gateway','default','application',NULL,'\0','apollo','2022-01-20 16:02:03','apollo','2022-01-20 16:02:03'),(75,'{\"createItems\":[{\"namespaceId\":2,\"key\":\"spring.cloud.gateway.routes[2].predicates[0]\",\"value\":\"Path\\u003d/dashboard/**\",\"lineNum\":12,\"id\":51,\"isDeleted\":false,\"dataChangeCreatedBy\":\"apollo\",\"dataChangeCreatedTime\":\"2022-01-20 16:02:02\",\"dataChangeLastModifiedBy\":\"apollo\",\"dataChangeLastModifiedTime\":\"2022-01-20 16:02:03\"}],\"updateItems\":[],\"deleteItems\":[]}','springboot-gateway','default','application',NULL,'\0','apollo','2022-01-20 16:02:03','apollo','2022-01-20 16:02:03'),(76,'{\"createItems\":[{\"namespaceId\":2,\"key\":\"spring.cloud.gateway.routes[2].filters[0]\",\"value\":\"StripPrefix\\u003d1\",\"lineNum\":13,\"id\":52,\"isDeleted\":false,\"dataChangeCreatedBy\":\"apollo\",\"dataChangeCreatedTime\":\"2022-01-20 16:02:03\",\"dataChangeLastModifiedBy\":\"apollo\",\"dataChangeLastModifiedTime\":\"2022-01-20 16:02:03\"}],\"updateItems\":[],\"deleteItems\":[]}','springboot-gateway','default','application',NULL,'\0','apollo','2022-01-20 16:02:03','apollo','2022-01-20 16:02:03'),(77,'{\"createItems\":[],\"updateItems\":[],\"deleteItems\":[{\"namespaceId\":2,\"key\":\"spring.cloud.gateway.routes[2].uri\",\"value\":\"http://localhost:8082\",\"lineNum\":11,\"id\":50,\"isDeleted\":true,\"dataChangeCreatedBy\":\"apollo\",\"dataChangeCreatedTime\":\"2022-01-20 16:02:03\",\"dataChangeLastModifiedBy\":\"apollo\",\"dataChangeLastModifiedTime\":\"2022-01-20 17:21:28\"},{\"namespaceId\":2,\"key\":\"spring.cloud.gateway.routes[1].id\",\"value\":\"springboot-mock-gateway-dashboard\",\"lineNum\":6,\"id\":45,\"isDeleted\":true,\"dataChangeCreatedBy\":\"apollo\",\"dataChangeCreatedTime\":\"2022-01-20 16:00:46\",\"dataChangeLastModifiedBy\":\"apollo\",\"dataChangeLastModifiedTime\":\"2022-01-20 17:21:28\"},{\"namespaceId\":2,\"key\":\"spring.cloud.gateway.routes[1].predicates[0]\",\"value\":\"Path\\u003d/dashboard/**\",\"lineNum\":8,\"id\":47,\"isDeleted\":true,\"dataChangeCreatedBy\":\"apollo\",\"dataChangeCreatedTime\":\"2022-01-20 16:00:46\",\"dataChangeLastModifiedBy\":\"apollo\",\"dataChangeLastModifiedTime\":\"2022-01-20 17:21:28\"},{\"namespaceId\":2,\"key\":\"spring.cloud.gateway.routes[2].filters[0]\",\"value\":\"StripPrefix\\u003d1\",\"lineNum\":13,\"id\":52,\"isDeleted\":true,\"dataChangeCreatedBy\":\"apollo\",\"dataChangeCreatedTime\":\"2022-01-20 16:02:03\",\"dataChangeLastModifiedBy\":\"apollo\",\"dataChangeLastModifiedTime\":\"2022-01-20 17:21:28\"},{\"namespaceId\":2,\"key\":\"spring.cloud.gateway.routes[1].filters[0]\",\"value\":\"StripPrefix\\u003d1\",\"lineNum\":9,\"id\":48,\"isDeleted\":true,\"dataChangeCreatedBy\":\"apollo\",\"dataChangeCreatedTime\":\"2022-01-20 16:00:47\",\"dataChangeLastModifiedBy\":\"apollo\",\"dataChangeLastModifiedTime\":\"2022-01-20 17:21:28\"},{\"namespaceId\":2,\"key\":\"spring.cloud.gateway.routes[1].uri\",\"value\":\"http://localhost:8082\",\"lineNum\":7,\"id\":46,\"isDeleted\":true,\"dataChangeCreatedBy\":\"apollo\",\"dataChangeCreatedTime\":\"2022-01-20 16:00:46\",\"dataChangeLastModifiedBy\":\"apollo\",\"dataChangeLastModifiedTime\":\"2022-01-20 17:21:28\"},{\"namespaceId\":2,\"key\":\"spring.cloud.gateway.routes[2].id\",\"value\":\"springboot-mock-gateway-dashboard\",\"lineNum\":10,\"id\":49,\"isDeleted\":true,\"dataChangeCreatedBy\":\"apollo\",\"dataChangeCreatedTime\":\"2022-01-20 16:02:02\",\"dataChangeLastModifiedBy\":\"apollo\",\"dataChangeLastModifiedTime\":\"2022-01-20 17:21:28\"},{\"namespaceId\":2,\"key\":\"spring.cloud.gateway.routes[2].predicates[0]\",\"value\":\"Path\\u003d/dashboard/**\",\"lineNum\":12,\"id\":51,\"isDeleted\":true,\"dataChangeCreatedBy\":\"apollo\",\"dataChangeCreatedTime\":\"2022-01-20 16:02:03\",\"dataChangeLastModifiedBy\":\"apollo\",\"dataChangeLastModifiedTime\":\"2022-01-20 17:21:28\"}]}','springboot-gateway','default','application',NULL,'\0','apollo','2022-01-20 17:21:28','apollo','2022-01-20 17:21:28'),(78,'{\"createItems\":[{\"namespaceId\":2,\"key\":\"spring.cloud.gateway.routes[1].id\",\"value\":\"springboot-mock-gateway-dashboard\",\"lineNum\":6,\"id\":53,\"isDeleted\":false,\"dataChangeCreatedBy\":\"apollo\",\"dataChangeCreatedTime\":\"2022-01-20 17:24:58\",\"dataChangeLastModifiedBy\":\"apollo\",\"dataChangeLastModifiedTime\":\"2022-01-20 17:24:58\"}],\"updateItems\":[],\"deleteItems\":[]}','springboot-gateway','default','application',NULL,'\0','apollo','2022-01-20 17:24:58','apollo','2022-01-20 17:24:58'),(79,'{\"createItems\":[{\"namespaceId\":2,\"key\":\"spring.cloud.gateway.routes[1].uri\",\"value\":\"http://localhost:8082\",\"lineNum\":7,\"id\":54,\"isDeleted\":false,\"dataChangeCreatedBy\":\"apollo\",\"dataChangeCreatedTime\":\"2022-01-20 17:24:58\",\"dataChangeLastModifiedBy\":\"apollo\",\"dataChangeLastModifiedTime\":\"2022-01-20 17:24:58\"}],\"updateItems\":[],\"deleteItems\":[]}','springboot-gateway','default','application',NULL,'\0','apollo','2022-01-20 17:24:59','apollo','2022-01-20 17:24:59'),(80,'{\"createItems\":[{\"namespaceId\":2,\"key\":\"spring.cloud.gateway.routes[1].predicates[0]\",\"value\":\"Path\\u003d/dashboard/**\",\"lineNum\":8,\"id\":55,\"isDeleted\":false,\"dataChangeCreatedBy\":\"apollo\",\"dataChangeCreatedTime\":\"2022-01-20 17:24:58\",\"dataChangeLastModifiedBy\":\"apollo\",\"dataChangeLastModifiedTime\":\"2022-01-20 17:24:58\"}],\"updateItems\":[],\"deleteItems\":[]}','springboot-gateway','default','application',NULL,'\0','apollo','2022-01-20 17:24:59','apollo','2022-01-20 17:24:59'),(81,'{\"createItems\":[{\"namespaceId\":2,\"key\":\"spring.cloud.gateway.routes[1].filters[0]\",\"value\":\"StripPrefix\\u003d1\",\"lineNum\":9,\"id\":56,\"isDeleted\":false,\"dataChangeCreatedBy\":\"apollo\",\"dataChangeCreatedTime\":\"2022-01-20 17:24:58\",\"dataChangeLastModifiedBy\":\"apollo\",\"dataChangeLastModifiedTime\":\"2022-01-20 17:24:58\"}],\"updateItems\":[],\"deleteItems\":[]}','springboot-gateway','default','application',NULL,'\0','apollo','2022-01-20 17:24:59','apollo','2022-01-20 17:24:59'),(82,'{\"createItems\":[],\"updateItems\":[{\"oldItem\":{\"namespaceId\":2,\"key\":\"spring.cloud.gateway.routes[1].predicates[0]\",\"value\":\"Path\\u003d/dashboard/**\",\"lineNum\":8,\"id\":55,\"isDeleted\":false,\"dataChangeCreatedBy\":\"apollo\",\"dataChangeCreatedTime\":\"2022-01-20 17:24:59\",\"dataChangeLastModifiedBy\":\"apollo\",\"dataChangeLastModifiedTime\":\"2022-01-20 17:24:59\"},\"newItem\":{\"namespaceId\":2,\"key\":\"spring.cloud.gateway.routes[1].predicates[0]\",\"value\":\"Path\\u003d/xxx/**\",\"lineNum\":8,\"id\":55,\"isDeleted\":false,\"dataChangeCreatedBy\":\"apollo\",\"dataChangeCreatedTime\":\"2022-01-20 17:24:59\",\"dataChangeLastModifiedBy\":\"apollo\",\"dataChangeLastModifiedTime\":\"2022-01-20 17:27:01\"}}],\"deleteItems\":[]}','springboot-gateway','default','application',NULL,'\0','apollo','2022-01-20 17:27:01','apollo','2022-01-20 17:27:01'),(83,'{\"createItems\":[],\"updateItems\":[{\"oldItem\":{\"namespaceId\":2,\"key\":\"spring.cloud.gateway.routes[1].uri\",\"value\":\"http://localhost:8082\",\"lineNum\":7,\"id\":54,\"isDeleted\":false,\"dataChangeCreatedBy\":\"apollo\",\"dataChangeCreatedTime\":\"2022-01-20 17:24:58\",\"dataChangeLastModifiedBy\":\"apollo\",\"dataChangeLastModifiedTime\":\"2022-01-20 17:24:58\"},\"newItem\":{\"namespaceId\":2,\"key\":\"spring.cloud.gateway.routes[1].uri\",\"value\":\"http://null\",\"lineNum\":7,\"id\":54,\"isDeleted\":false,\"dataChangeCreatedBy\":\"apollo\",\"dataChangeCreatedTime\":\"2022-01-20 17:24:58\",\"dataChangeLastModifiedBy\":\"apollo\",\"dataChangeLastModifiedTime\":\"2022-01-20 17:28:22\"}}],\"deleteItems\":[]}','springboot-gateway','default','application',NULL,'\0','apollo','2022-01-20 17:28:22','apollo','2022-01-20 17:28:22'),(84,'{\"createItems\":[],\"updateItems\":[{\"oldItem\":{\"namespaceId\":2,\"key\":\"spring.cloud.gateway.routes[1].predicates[0]\",\"value\":\"Path\\u003d/xxx/**\",\"lineNum\":8,\"id\":55,\"isDeleted\":false,\"dataChangeCreatedBy\":\"apollo\",\"dataChangeCreatedTime\":\"2022-01-20 17:24:59\",\"dataChangeLastModifiedBy\":\"apollo\",\"dataChangeLastModifiedTime\":\"2022-01-20 17:27:01\"},\"newItem\":{\"namespaceId\":2,\"key\":\"spring.cloud.gateway.routes[1].predicates[0]\",\"value\":\"Path\\u003d/-9999\",\"lineNum\":8,\"id\":55,\"isDeleted\":false,\"dataChangeCreatedBy\":\"apollo\",\"dataChangeCreatedTime\":\"2022-01-20 17:24:59\",\"dataChangeLastModifiedBy\":\"apollo\",\"dataChangeLastModifiedTime\":\"2022-01-20 17:28:22\"}}],\"deleteItems\":[]}','springboot-gateway','default','application',NULL,'\0','apollo','2022-01-20 17:28:23','apollo','2022-01-20 17:28:23');

/*Table structure for table `grayreleaserule` */

DROP TABLE IF EXISTS `grayreleaserule`;

CREATE TABLE `grayreleaserule` (
  `Id` int unsigned NOT NULL AUTO_INCREMENT COMMENT '主键',
  `AppId` varchar(64) NOT NULL DEFAULT 'default' COMMENT 'AppID',
  `ClusterName` varchar(32) NOT NULL DEFAULT 'default' COMMENT 'Cluster Name',
  `NamespaceName` varchar(32) NOT NULL DEFAULT 'default' COMMENT 'Namespace Name',
  `BranchName` varchar(32) NOT NULL DEFAULT 'default' COMMENT 'branch name',
  `Rules` varchar(16000) DEFAULT '[]' COMMENT '灰度规则',
  `ReleaseId` int unsigned NOT NULL DEFAULT '0' COMMENT '灰度对应的release',
  `BranchStatus` tinyint DEFAULT '1' COMMENT '灰度分支状态: 0:删除分支,1:正在使用的规则 2：全量发布',
  `IsDeleted` bit(1) NOT NULL DEFAULT b'0' COMMENT '1: deleted, 0: normal',
  `DataChange_CreatedBy` varchar(64) NOT NULL DEFAULT 'default' COMMENT '创建人邮箱前缀',
  `DataChange_CreatedTime` timestamp NOT NULL DEFAULT CURRENT_TIMESTAMP COMMENT '创建时间',
  `DataChange_LastModifiedBy` varchar(64) DEFAULT '' COMMENT '最后修改人邮箱前缀',
  `DataChange_LastTime` timestamp NULL DEFAULT CURRENT_TIMESTAMP ON UPDATE CURRENT_TIMESTAMP COMMENT '最后修改时间',
  PRIMARY KEY (`Id`),
  KEY `DataChange_LastTime` (`DataChange_LastTime`),
  KEY `IX_Namespace` (`AppId`,`ClusterName`,`NamespaceName`)
) ENGINE=InnoDB DEFAULT CHARSET=utf8mb4 COLLATE=utf8mb4_0900_ai_ci COMMENT='灰度规则表';

/*Data for the table `grayreleaserule` */

/*Table structure for table `instance` */

DROP TABLE IF EXISTS `instance`;

CREATE TABLE `instance` (
  `Id` int unsigned NOT NULL AUTO_INCREMENT COMMENT '自增Id',
  `AppId` varchar(64) NOT NULL DEFAULT 'default' COMMENT 'AppID',
  `ClusterName` varchar(32) NOT NULL DEFAULT 'default' COMMENT 'ClusterName',
  `DataCenter` varchar(64) NOT NULL DEFAULT 'default' COMMENT 'Data Center Name',
  `Ip` varchar(32) NOT NULL DEFAULT '' COMMENT 'instance ip',
  `DataChange_CreatedTime` timestamp NOT NULL DEFAULT CURRENT_TIMESTAMP COMMENT '创建时间',
  `DataChange_LastTime` timestamp NOT NULL DEFAULT CURRENT_TIMESTAMP ON UPDATE CURRENT_TIMESTAMP COMMENT '最后修改时间',
  PRIMARY KEY (`Id`),
  UNIQUE KEY `IX_UNIQUE_KEY` (`AppId`,`ClusterName`,`Ip`,`DataCenter`),
  KEY `IX_IP` (`Ip`),
  KEY `IX_DataChange_LastTime` (`DataChange_LastTime`)
) ENGINE=InnoDB AUTO_INCREMENT=3 DEFAULT CHARSET=utf8mb4 COLLATE=utf8mb4_0900_ai_ci COMMENT='使用配置的应用实例';

/*Data for the table `instance` */

insert  into `instance`(`Id`,`AppId`,`ClusterName`,`DataCenter`,`Ip`,`DataChange_CreatedTime`,`DataChange_LastTime`) values (1,'springboot-gateway','default','','172.20.58.246','2022-01-19 16:36:11','2022-01-19 16:36:11'),(2,'springboot-gateway','default','','172.20.115.86','2022-01-20 15:10:19','2022-01-20 15:10:19');

/*Table structure for table `instanceconfig` */

DROP TABLE IF EXISTS `instanceconfig`;

CREATE TABLE `instanceconfig` (
  `Id` int unsigned NOT NULL AUTO_INCREMENT COMMENT '自增Id',
  `InstanceId` int unsigned DEFAULT NULL COMMENT 'Instance Id',
  `ConfigAppId` varchar(64) NOT NULL DEFAULT 'default' COMMENT 'Config App Id',
  `ConfigClusterName` varchar(32) NOT NULL DEFAULT 'default' COMMENT 'Config Cluster Name',
  `ConfigNamespaceName` varchar(32) NOT NULL DEFAULT 'default' COMMENT 'Config Namespace Name',
  `ReleaseKey` varchar(64) NOT NULL DEFAULT '' COMMENT '发布的Key',
  `ReleaseDeliveryTime` timestamp NULL DEFAULT NULL COMMENT '配置获取时间',
  `DataChange_CreatedTime` timestamp NOT NULL DEFAULT CURRENT_TIMESTAMP COMMENT '创建时间',
  `DataChange_LastTime` timestamp NOT NULL DEFAULT CURRENT_TIMESTAMP ON UPDATE CURRENT_TIMESTAMP COMMENT '最后修改时间',
  PRIMARY KEY (`Id`),
  UNIQUE KEY `IX_UNIQUE_KEY` (`InstanceId`,`ConfigAppId`,`ConfigNamespaceName`),
  KEY `IX_ReleaseKey` (`ReleaseKey`),
  KEY `IX_DataChange_LastTime` (`DataChange_LastTime`),
  KEY `IX_Valid_Namespace` (`ConfigAppId`,`ConfigClusterName`,`ConfigNamespaceName`,`DataChange_LastTime`)
) ENGINE=InnoDB AUTO_INCREMENT=3 DEFAULT CHARSET=utf8mb4 COLLATE=utf8mb4_0900_ai_ci COMMENT='应用实例的配置信息';

/*Data for the table `instanceconfig` */

insert  into `instanceconfig`(`Id`,`InstanceId`,`ConfigAppId`,`ConfigClusterName`,`ConfigNamespaceName`,`ReleaseKey`,`ReleaseDeliveryTime`,`DataChange_CreatedTime`,`DataChange_LastTime`) values (1,1,'springboot-gateway','default','application','20220120172822-af040ea916dfd002','2022-01-20 17:28:24','2022-01-19 16:36:11','2022-01-20 17:28:24'),(2,2,'springboot-gateway','default','application','20220120152740-af040ea916d7ddf6','2022-01-20 15:28:49','2022-01-20 15:10:19','2022-01-20 15:28:49');

/*Table structure for table `item` */

DROP TABLE IF EXISTS `item`;

CREATE TABLE `item` (
  `Id` int unsigned NOT NULL AUTO_INCREMENT COMMENT '自增Id',
  `NamespaceId` int unsigned NOT NULL DEFAULT '0' COMMENT '集群NamespaceId',
  `Key` varchar(128) NOT NULL DEFAULT 'default' COMMENT '配置项Key',
  `Value` longtext NOT NULL COMMENT '配置项值',
  `Comment` varchar(1024) DEFAULT '' COMMENT '注释',
  `LineNum` int unsigned DEFAULT '0' COMMENT '行号',
  `IsDeleted` bit(1) NOT NULL DEFAULT b'0' COMMENT '1: deleted, 0: normal',
  `DataChange_CreatedBy` varchar(64) NOT NULL DEFAULT 'default' COMMENT '创建人邮箱前缀',
  `DataChange_CreatedTime` timestamp NOT NULL DEFAULT CURRENT_TIMESTAMP COMMENT '创建时间',
  `DataChange_LastModifiedBy` varchar(64) DEFAULT '' COMMENT '最后修改人邮箱前缀',
  `DataChange_LastTime` timestamp NULL DEFAULT CURRENT_TIMESTAMP ON UPDATE CURRENT_TIMESTAMP COMMENT '最后修改时间',
  PRIMARY KEY (`Id`),
  KEY `IX_GroupId` (`NamespaceId`),
  KEY `DataChange_LastTime` (`DataChange_LastTime`)
) ENGINE=InnoDB AUTO_INCREMENT=57 DEFAULT CHARSET=utf8mb4 COLLATE=utf8mb4_0900_ai_ci COMMENT='配置项目';

/*Data for the table `item` */

insert  into `item`(`Id`,`NamespaceId`,`Key`,`Value`,`Comment`,`LineNum`,`IsDeleted`,`DataChange_CreatedBy`,`DataChange_CreatedTime`,`DataChange_LastModifiedBy`,`DataChange_LastTime`) values (1,1,'timeout','100','sample timeout配置',1,'\0','default','2022-01-07 15:41:55','','2022-01-07 15:41:55'),(2,2,'','','# 模拟调用bpm',1,'\0','apollo','2022-01-07 16:17:42','apollo','2022-01-07 16:17:42'),(3,2,'spring.cloud.gateway.routes[0].id','springboot-app','',2,'\0','apollo','2022-01-07 16:17:42','apollo','2022-01-07 16:17:42'),(4,2,'spring.cloud.gateway.routes[0].uri','http://172.20.58.246:8081','',3,'\0','apollo','2022-01-07 16:17:42','apollo','2022-01-07 16:17:42'),(5,2,'spring.cloud.gateway.routes[0].predicates[0]','Path=/app/**','',4,'\0','apollo','2022-01-07 16:17:42','apollo','2022-01-07 16:17:42'),(6,2,'spring.cloud.gateway.routes[0].filters[0]','StripPrefix=1','',5,'\0','apollo','2022-01-07 16:17:42','apollo','2022-01-07 16:17:42'),(26,2,'spring.cloud.gateway.routes[1].uri','http://localhost:8083',NULL,7,'','apollo','2022-01-20 13:38:18','apollo','2022-01-20 14:53:24'),(27,2,'spring.cloud.gateway.routes[1].predicates[0]','Path=/xxx/**',NULL,8,'','apollo','2022-01-20 13:38:18','apollo','2022-01-20 14:53:24'),(28,2,'spring.cloud.gateway.routes[1].filters[0]','StripPrefix=2',NULL,9,'','apollo','2022-01-20 13:38:19','apollo','2022-01-20 14:53:24'),(29,2,'spring.cloud.gateway.routes[1].id','springboot-mock-gateway-dashboard',NULL,6,'','apollo','2022-01-20 14:58:03','apollo','2022-01-20 15:00:33'),(30,2,'spring.cloud.gateway.routes[1].uri','http://localhost:8083',NULL,7,'','apollo','2022-01-20 14:58:03','apollo','2022-01-20 14:59:46'),(31,2,'spring.cloud.gateway.routes[1].predicates[0]','Path=/xxx/**',NULL,8,'','apollo','2022-01-20 14:58:03','apollo','2022-01-20 14:59:46'),(32,2,'spring.cloud.gateway.routes[1].filters[0]','StripPrefix=2',NULL,9,'','apollo','2022-01-20 14:58:04','apollo','2022-01-20 14:59:46'),(33,2,'spring.cloud.gateway.routes[1].id','springboot-mock-gateway-dashboard',NULL,6,'','apollo','2022-01-20 15:10:58','apollo','2022-01-20 15:18:36'),(34,2,'spring.cloud.gateway.routes[1].uri','http://localhost:8083',NULL,7,'','apollo','2022-01-20 15:10:58','apollo','2022-01-20 15:12:11'),(35,2,'spring.cloud.gateway.routes[1].predicates[0]','Path=/xxx/**',NULL,8,'','apollo','2022-01-20 15:10:58','apollo','2022-01-20 15:12:11'),(36,2,'spring.cloud.gateway.routes[1].filters[0]','StripPrefix=2',NULL,9,'','apollo','2022-01-20 15:10:59','apollo','2022-01-20 15:12:11'),(37,2,'spring.cloud.gateway.routes[2].id','springboot-mock-gateway-dashboard',NULL,7,'','apollo','2022-01-20 15:15:10','apollo','2022-01-20 15:18:36'),(38,2,'spring.cloud.gateway.routes[2].uri','http://localhost:8082',NULL,8,'','apollo','2022-01-20 15:15:11','apollo','2022-01-20 15:18:36'),(39,2,'spring.cloud.gateway.routes[2].predicates[0]','Path=/dashboard/**',NULL,9,'','apollo','2022-01-20 15:15:11','apollo','2022-01-20 15:18:36'),(40,2,'spring.cloud.gateway.routes[2].filters[0]','StripPrefix=1',NULL,10,'','apollo','2022-01-20 15:15:11','apollo','2022-01-20 15:18:36'),(41,2,'spring.cloud.gateway.routes[1].id','springboot-mock-gateway-dashboard',NULL,6,'','apollo','2022-01-20 15:27:03','apollo','2022-01-20 15:59:57'),(42,2,'spring.cloud.gateway.routes[1].uri','-1',NULL,7,'','apollo','2022-01-20 15:27:03','apollo','2022-01-20 15:59:57'),(43,2,'spring.cloud.gateway.routes[1].predicates[0]','-1',NULL,8,'','apollo','2022-01-20 15:27:04','apollo','2022-01-20 15:59:57'),(44,2,'spring.cloud.gateway.routes[1].filters[0]','-1',NULL,9,'','apollo','2022-01-20 15:27:04','apollo','2022-01-20 15:59:57'),(45,2,'spring.cloud.gateway.routes[1].id','springboot-mock-gateway-dashboard',NULL,6,'','apollo','2022-01-20 16:00:46','apollo','2022-01-20 17:21:28'),(46,2,'spring.cloud.gateway.routes[1].uri','http://localhost:8082',NULL,7,'','apollo','2022-01-20 16:00:46','apollo','2022-01-20 17:21:28'),(47,2,'spring.cloud.gateway.routes[1].predicates[0]','Path=/dashboard/**',NULL,8,'','apollo','2022-01-20 16:00:46','apollo','2022-01-20 17:21:28'),(48,2,'spring.cloud.gateway.routes[1].filters[0]','StripPrefix=1',NULL,9,'','apollo','2022-01-20 16:00:47','apollo','2022-01-20 17:21:28'),(49,2,'spring.cloud.gateway.routes[2].id','springboot-mock-gateway-dashboard',NULL,10,'','apollo','2022-01-20 16:02:02','apollo','2022-01-20 17:21:28'),(50,2,'spring.cloud.gateway.routes[2].uri','http://localhost:8082',NULL,11,'','apollo','2022-01-20 16:02:03','apollo','2022-01-20 17:21:28'),(51,2,'spring.cloud.gateway.routes[2].predicates[0]','Path=/dashboard/**',NULL,12,'','apollo','2022-01-20 16:02:03','apollo','2022-01-20 17:21:28'),(52,2,'spring.cloud.gateway.routes[2].filters[0]','StripPrefix=1',NULL,13,'','apollo','2022-01-20 16:02:03','apollo','2022-01-20 17:21:28'),(53,2,'spring.cloud.gateway.routes[1].id','springboot-mock-gateway-dashboard',NULL,6,'\0','apollo','2022-01-20 17:24:58','apollo','2022-01-20 17:24:58'),(54,2,'spring.cloud.gateway.routes[1].uri','http://null',NULL,7,'\0','apollo','2022-01-20 17:24:58','apollo','2022-01-20 17:28:22'),(55,2,'spring.cloud.gateway.routes[1].predicates[0]','Path=/-9999',NULL,8,'\0','apollo','2022-01-20 17:24:59','apollo','2022-01-20 17:28:23'),(56,2,'spring.cloud.gateway.routes[1].filters[0]','StripPrefix=1',NULL,9,'\0','apollo','2022-01-20 17:24:59','apollo','2022-01-20 17:24:59');

/*Table structure for table `namespace` */

DROP TABLE IF EXISTS `namespace`;

CREATE TABLE `namespace` (
  `Id` int unsigned NOT NULL AUTO_INCREMENT COMMENT '自增主键',
  `AppId` varchar(500) NOT NULL DEFAULT 'default' COMMENT 'AppID',
  `ClusterName` varchar(500) NOT NULL DEFAULT 'default' COMMENT 'Cluster Name',
  `NamespaceName` varchar(500) NOT NULL DEFAULT 'default' COMMENT 'Namespace Name',
  `IsDeleted` bit(1) NOT NULL DEFAULT b'0' COMMENT '1: deleted, 0: normal',
  `DataChange_CreatedBy` varchar(64) NOT NULL DEFAULT 'default' COMMENT '创建人邮箱前缀',
  `DataChange_CreatedTime` timestamp NOT NULL DEFAULT CURRENT_TIMESTAMP COMMENT '创建时间',
  `DataChange_LastModifiedBy` varchar(64) DEFAULT '' COMMENT '最后修改人邮箱前缀',
  `DataChange_LastTime` timestamp NULL DEFAULT CURRENT_TIMESTAMP ON UPDATE CURRENT_TIMESTAMP COMMENT '最后修改时间',
  PRIMARY KEY (`Id`),
  KEY `AppId_ClusterName_NamespaceName` (`AppId`(191),`ClusterName`(191),`NamespaceName`(191)),
  KEY `DataChange_LastTime` (`DataChange_LastTime`),
  KEY `IX_NamespaceName` (`NamespaceName`(191))
) ENGINE=InnoDB AUTO_INCREMENT=3 DEFAULT CHARSET=utf8mb4 COLLATE=utf8mb4_0900_ai_ci COMMENT='命名空间';

/*Data for the table `namespace` */

insert  into `namespace`(`Id`,`AppId`,`ClusterName`,`NamespaceName`,`IsDeleted`,`DataChange_CreatedBy`,`DataChange_CreatedTime`,`DataChange_LastModifiedBy`,`DataChange_LastTime`) values (1,'SampleApp','default','application','\0','default','2022-01-07 15:41:55','','2022-01-07 15:41:55'),(2,'springboot-gateway','default','application','\0','apollo','2022-01-07 15:59:04','apollo','2022-01-07 15:59:04');

/*Table structure for table `namespacelock` */

DROP TABLE IF EXISTS `namespacelock`;

CREATE TABLE `namespacelock` (
  `Id` int unsigned NOT NULL AUTO_INCREMENT COMMENT '自增id',
  `NamespaceId` int unsigned NOT NULL DEFAULT '0' COMMENT '集群NamespaceId',
  `DataChange_CreatedBy` varchar(64) NOT NULL DEFAULT 'default' COMMENT '创建人邮箱前缀',
  `DataChange_CreatedTime` timestamp NOT NULL DEFAULT CURRENT_TIMESTAMP COMMENT '创建时间',
  `DataChange_LastModifiedBy` varchar(64) DEFAULT '' COMMENT '最后修改人邮箱前缀',
  `DataChange_LastTime` timestamp NULL DEFAULT CURRENT_TIMESTAMP ON UPDATE CURRENT_TIMESTAMP COMMENT '最后修改时间',
  `IsDeleted` bit(1) DEFAULT b'0' COMMENT '软删除',
  PRIMARY KEY (`Id`),
  UNIQUE KEY `IX_NamespaceId` (`NamespaceId`),
  KEY `DataChange_LastTime` (`DataChange_LastTime`)
) ENGINE=InnoDB DEFAULT CHARSET=utf8mb4 COLLATE=utf8mb4_0900_ai_ci COMMENT='namespace的编辑锁';

/*Data for the table `namespacelock` */

/*Table structure for table `release` */

DROP TABLE IF EXISTS `release`;

CREATE TABLE `release` (
  `Id` int unsigned NOT NULL AUTO_INCREMENT COMMENT '自增主键',
  `ReleaseKey` varchar(64) NOT NULL DEFAULT '' COMMENT '发布的Key',
  `Name` varchar(64) NOT NULL DEFAULT 'default' COMMENT '发布名字',
  `Comment` varchar(256) DEFAULT NULL COMMENT '发布说明',
  `AppId` varchar(500) NOT NULL DEFAULT 'default' COMMENT 'AppID',
  `ClusterName` varchar(500) NOT NULL DEFAULT 'default' COMMENT 'ClusterName',
  `NamespaceName` varchar(500) NOT NULL DEFAULT 'default' COMMENT 'namespaceName',
  `Configurations` longtext NOT NULL COMMENT '发布配置',
  `IsAbandoned` bit(1) NOT NULL DEFAULT b'0' COMMENT '是否废弃',
  `IsDeleted` bit(1) NOT NULL DEFAULT b'0' COMMENT '1: deleted, 0: normal',
  `DataChange_CreatedBy` varchar(64) NOT NULL DEFAULT 'default' COMMENT '创建人邮箱前缀',
  `DataChange_CreatedTime` timestamp NOT NULL DEFAULT CURRENT_TIMESTAMP COMMENT '创建时间',
  `DataChange_LastModifiedBy` varchar(64) DEFAULT '' COMMENT '最后修改人邮箱前缀',
  `DataChange_LastTime` timestamp NULL DEFAULT CURRENT_TIMESTAMP ON UPDATE CURRENT_TIMESTAMP COMMENT '最后修改时间',
  PRIMARY KEY (`Id`),
  KEY `AppId_ClusterName_GroupName` (`AppId`(191),`ClusterName`(191),`NamespaceName`(191)),
  KEY `DataChange_LastTime` (`DataChange_LastTime`),
  KEY `IX_ReleaseKey` (`ReleaseKey`)
) ENGINE=InnoDB AUTO_INCREMENT=32 DEFAULT CHARSET=utf8mb4 COLLATE=utf8mb4_0900_ai_ci COMMENT='发布';

/*Data for the table `release` */

insert  into `release`(`Id`,`ReleaseKey`,`Name`,`Comment`,`AppId`,`ClusterName`,`NamespaceName`,`Configurations`,`IsAbandoned`,`IsDeleted`,`DataChange_CreatedBy`,`DataChange_CreatedTime`,`DataChange_LastModifiedBy`,`DataChange_LastTime`) values (1,'20161009155425-d3a0749c6e20bc15','20161009155424-release','Sample发布','SampleApp','default','application','{\"timeout\":\"100\"}','\0','\0','default','2022-01-07 15:41:55','','2022-01-07 15:41:55'),(2,'20220107161749-af040ea916ad22ad','20220107161746-release','','springboot-gateway','default','application','{\"spring.cloud.gateway.routes[0].id\":\"springboot-app\",\"spring.cloud.gateway.routes[0].uri\":\"http://172.20.58.246:8081\",\"spring.cloud.gateway.routes[0].predicates[0]\":\"Path\\u003d/app/**\",\"spring.cloud.gateway.routes[0].filters[0]\":\"StripPrefix\\u003d1\"}','\0','\0','apollo','2022-01-07 16:17:49','apollo','2022-01-07 16:17:49'),(3,'20220119165933-af040ea916185cec','20220119165931-release','','springboot-gateway','default','application','{\"spring.cloud.gateway.routes[0].id\":\"springboot-app\",\"spring.cloud.gateway.routes[0].uri\":\"http://172.20.58.246:8081\",\"spring.cloud.gateway.routes[0].predicates[0]\":\"Path\\u003d/app/**\",\"spring.cloud.gateway.routes[0].filters[0]\":\"StripPrefix\\u003d1\"}','\0','\0','apollo','2022-01-19 16:59:33','apollo','2022-01-19 16:59:33'),(4,'20220119180310-af040ea916185ced','20220119180308-release','','springboot-gateway','default','application','{\"spring.cloud.gateway.routes[0].id\":\"springboot-app\",\"spring.cloud.gateway.routes[0].uri\":\"http://172.20.58.246:8081\",\"spring.cloud.gateway.routes[0].predicates[0]\":\"Path\\u003d/app/**\",\"spring.cloud.gateway.routes[0].filters[0]\":\"StripPrefix\\u003d1\"}','\0','\0','apollo','2022-01-19 18:03:11','apollo','2022-01-19 18:03:11'),(5,'20220119182036-af040ea916185cee','新增网关路由','新增网关路由','springboot-gateway','default','application','{\"spring.cloud.gateway.routes[0].id\":\"springboot-app\",\"spring.cloud.gateway.routes[0].uri\":\"http://172.20.58.246:8081\",\"spring.cloud.gateway.routes[0].predicates[0]\":\"Path\\u003d/app/**\",\"spring.cloud.gateway.routes[0].filters[0]\":\"StripPrefix\\u003d1\",\"spring.cloud.gateway.routes[1].id\":\"springboot-mock-gateway-dashboard\",\"spring.cloud.gateway.routes[1].uri\":\"http://localhost:8082\",\"spring.cloud.gateway.routes[1].predicates[1]\":\" Path\\u003d/dashboard/**\",\"spring.cloud.gateway.routes[1].filters[1]\":\"StripPrefix\\u003d1\"}','\0','\0','apollo','2022-01-19 18:20:36','apollo','2022-01-19 18:20:36'),(6,'20220119182805-af040ea916185cef','新增网关路由','新增网关路由','springboot-gateway','default','application','{\"spring.cloud.gateway.routes[0].id\":\"springboot-app\",\"spring.cloud.gateway.routes[0].uri\":\"http://172.20.58.246:8081\",\"spring.cloud.gateway.routes[0].predicates[0]\":\"Path\\u003d/app/**\",\"spring.cloud.gateway.routes[0].filters[0]\":\"StripPrefix\\u003d1\",\"spring.cloud.gateway.routes[1].id\":\"springboot-mock-gateway-dashboard\",\"spring.cloud.gateway.routes[1].uri\":\"http://localhost:8082\",\"spring.cloud.gateway.routes[1].predicates[1]\":\" Path\\u003d/dashboard/**\",\"spring.cloud.gateway.routes[1].filters[1]\":\"StripPrefix\\u003d1\",\"spring.cloud.gateway.routes[2].id\":\"springboot-mock-gateway-dashboard\",\"spring.cloud.gateway.routes[2].uri\":\"http://localhost:8082\",\"spring.cloud.gateway.routes[2].predicates[0]\":\" Path\\u003d/dashboard/**\",\"spring.cloud.gateway.routes[2].filters[0]\":\"StripPrefix\\u003d1\"}','\0','\0','apollo','2022-01-19 18:28:05','apollo','2022-01-19 18:28:05'),(7,'20220119182913-af040ea916185cf0','20220119182911-release','','springboot-gateway','default','application','{\"spring.cloud.gateway.routes[0].id\":\"springboot-app\",\"spring.cloud.gateway.routes[0].uri\":\"http://172.20.58.246:8081\",\"spring.cloud.gateway.routes[0].predicates[0]\":\"Path\\u003d/app/**\",\"spring.cloud.gateway.routes[0].filters[0]\":\"StripPrefix\\u003d1\"}','\0','\0','apollo','2022-01-19 18:29:13','apollo','2022-01-19 18:29:13'),(8,'20220119183029-af040ea916185cf1','新增网关路由','新增网关路由','springboot-gateway','default','application','{\"spring.cloud.gateway.routes[0].id\":\"springboot-app\",\"spring.cloud.gateway.routes[0].uri\":\"http://172.20.58.246:8081\",\"spring.cloud.gateway.routes[0].predicates[0]\":\"Path\\u003d/app/**\",\"spring.cloud.gateway.routes[0].filters[0]\":\"StripPrefix\\u003d1\",\"spring.cloud.gateway.routes[1].id\":\"springboot-mock-gateway-dashboard\",\"spring.cloud.gateway.routes[1].uri\":\"http://localhost:8082\",\"spring.cloud.gateway.routes[1].predicates[0]\":\"Path\\u003d/dashboard/**\",\"spring.cloud.gateway.routes[1].filters[0]\":\"StripPrefix\\u003d1\"}','\0','\0','apollo','2022-01-19 18:30:30','apollo','2022-01-19 18:30:30'),(9,'20220119183139-af040ea916185cf2','20220119183137-release','','springboot-gateway','default','application','{\"spring.cloud.gateway.routes[0].id\":\"springboot-app\",\"spring.cloud.gateway.routes[0].uri\":\"http://172.20.58.246:8081\",\"spring.cloud.gateway.routes[0].predicates[0]\":\"Path\\u003d/app/**\",\"spring.cloud.gateway.routes[0].filters[0]\":\"StripPrefix\\u003d1\"}','\0','\0','apollo','2022-01-19 18:31:39','apollo','2022-01-19 18:31:39'),(10,'20220120133819-af040ea916d7dde8','新增网关路由','新增网关路由','springboot-gateway','default','application','{\"spring.cloud.gateway.routes[0].id\":\"springboot-app\",\"spring.cloud.gateway.routes[0].uri\":\"http://172.20.58.246:8081\",\"spring.cloud.gateway.routes[0].predicates[0]\":\"Path\\u003d/app/**\",\"spring.cloud.gateway.routes[0].filters[0]\":\"StripPrefix\\u003d1\",\"spring.cloud.gateway.routes[1].id\":\"springboot-mock-gateway-dashboard\",\"spring.cloud.gateway.routes[1].uri\":\"http://localhost:8082\",\"spring.cloud.gateway.routes[1].predicates[0]\":\"Path\\u003d/dashboard/**\",\"spring.cloud.gateway.routes[1].filters[0]\":\"StripPrefix\\u003d1\"}','\0','\0','apollo','2022-01-20 13:38:19','apollo','2022-01-20 13:38:19'),(11,'20220120142713-af040ea916d7dde9','更新网关路由','更新网关路由','springboot-gateway','default','application','{\"spring.cloud.gateway.routes[0].id\":\"springboot-app\",\"spring.cloud.gateway.routes[0].uri\":\"http://172.20.58.246:8081\",\"spring.cloud.gateway.routes[0].predicates[0]\":\"Path\\u003d/app/**\",\"spring.cloud.gateway.routes[0].filters[0]\":\"StripPrefix\\u003d1\",\"spring.cloud.gateway.routes[1].id\":\"springboot-mock-gateway-dashboard\",\"spring.cloud.gateway.routes[1].uri\":\"http://localhost:8083\",\"spring.cloud.gateway.routes[1].predicates[0]\":\"Path\\u003d/xxx/**\",\"spring.cloud.gateway.routes[1].filters[0]\":\"StripPrefix\\u003d2\"}','\0','\0','apollo','2022-01-20 14:27:14','apollo','2022-01-20 14:27:14'),(12,'20220120145355-af040ea916d7ddea','20220120145353-release','','springboot-gateway','default','application','{\"spring.cloud.gateway.routes[0].id\":\"springboot-app\",\"spring.cloud.gateway.routes[0].uri\":\"http://172.20.58.246:8081\",\"spring.cloud.gateway.routes[0].predicates[0]\":\"Path\\u003d/app/**\",\"spring.cloud.gateway.routes[0].filters[0]\":\"StripPrefix\\u003d1\",\"spring.cloud.gateway.routes[1].id\":\"springboot-mock-gateway-dashboard\"}','\0','\0','apollo','2022-01-20 14:53:55','apollo','2022-01-20 14:53:55'),(13,'20220120145412-af040ea916d7ddeb','20220120145410-release','','springboot-gateway','default','application','{\"spring.cloud.gateway.routes[0].id\":\"springboot-app\",\"spring.cloud.gateway.routes[0].uri\":\"http://172.20.58.246:8081\",\"spring.cloud.gateway.routes[0].predicates[0]\":\"Path\\u003d/app/**\",\"spring.cloud.gateway.routes[0].filters[0]\":\"StripPrefix\\u003d1\"}','\0','\0','apollo','2022-01-20 14:54:12','apollo','2022-01-20 14:54:12'),(14,'20220120145803-af040ea916d7ddec','新增网关路由','新增网关路由','springboot-gateway','default','application','{\"spring.cloud.gateway.routes[0].id\":\"springboot-app\",\"spring.cloud.gateway.routes[0].uri\":\"http://172.20.58.246:8081\",\"spring.cloud.gateway.routes[0].predicates[0]\":\"Path\\u003d/app/**\",\"spring.cloud.gateway.routes[0].filters[0]\":\"StripPrefix\\u003d1\",\"spring.cloud.gateway.routes[1].id\":\"springboot-mock-gateway-dashboard\",\"spring.cloud.gateway.routes[1].uri\":\"http://localhost:8082\",\"spring.cloud.gateway.routes[1].predicates[0]\":\"Path\\u003d/dashboard/**\",\"spring.cloud.gateway.routes[1].filters[0]\":\"StripPrefix\\u003d1\"}','\0','\0','apollo','2022-01-20 14:58:04','apollo','2022-01-20 14:58:04'),(15,'20220120145910-af040ea916d7dded','更新网关路由','更新网关路由','springboot-gateway','default','application','{\"spring.cloud.gateway.routes[0].id\":\"springboot-app\",\"spring.cloud.gateway.routes[0].uri\":\"http://172.20.58.246:8081\",\"spring.cloud.gateway.routes[0].predicates[0]\":\"Path\\u003d/app/**\",\"spring.cloud.gateway.routes[0].filters[0]\":\"StripPrefix\\u003d1\",\"spring.cloud.gateway.routes[1].id\":\"springboot-mock-gateway-dashboard\",\"spring.cloud.gateway.routes[1].uri\":\"http://localhost:8083\",\"spring.cloud.gateway.routes[1].predicates[0]\":\"Path\\u003d/xxx/**\",\"spring.cloud.gateway.routes[1].filters[0]\":\"StripPrefix\\u003d2\"}','\0','\0','apollo','2022-01-20 14:59:11','apollo','2022-01-20 14:59:11'),(16,'20220120145946-af040ea916d7ddee','删除网关路由','删除网关路由','springboot-gateway','default','application','{\"spring.cloud.gateway.routes[0].id\":\"springboot-app\",\"spring.cloud.gateway.routes[0].uri\":\"http://172.20.58.246:8081\",\"spring.cloud.gateway.routes[0].predicates[0]\":\"Path\\u003d/app/**\",\"spring.cloud.gateway.routes[0].filters[0]\":\"StripPrefix\\u003d1\",\"spring.cloud.gateway.routes[1].id\":\"springboot-mock-gateway-dashboard\"}','\0','\0','apollo','2022-01-20 14:59:47','apollo','2022-01-20 14:59:47'),(17,'20220120150039-af040ea916d7ddef','20220120150034-release','','springboot-gateway','default','application','{\"spring.cloud.gateway.routes[0].id\":\"springboot-app\",\"spring.cloud.gateway.routes[0].uri\":\"http://172.20.58.246:8081\",\"spring.cloud.gateway.routes[0].predicates[0]\":\"Path\\u003d/app/**\",\"spring.cloud.gateway.routes[0].filters[0]\":\"StripPrefix\\u003d1\"}','\0','\0','apollo','2022-01-20 15:00:39','apollo','2022-01-20 15:00:39'),(18,'20220120151058-af040ea916d7ddf0','新增网关路由','新增网关路由','springboot-gateway','default','application','{\"spring.cloud.gateway.routes[0].id\":\"springboot-app\",\"spring.cloud.gateway.routes[0].uri\":\"http://172.20.58.246:8081\",\"spring.cloud.gateway.routes[0].predicates[0]\":\"Path\\u003d/app/**\",\"spring.cloud.gateway.routes[0].filters[0]\":\"StripPrefix\\u003d1\",\"spring.cloud.gateway.routes[1].id\":\"springboot-mock-gateway-dashboard\",\"spring.cloud.gateway.routes[1].uri\":\"http://localhost:8082\",\"spring.cloud.gateway.routes[1].predicates[0]\":\"Path\\u003d/dashboard/**\",\"spring.cloud.gateway.routes[1].filters[0]\":\"StripPrefix\\u003d1\"}','\0','\0','apollo','2022-01-20 15:10:59','apollo','2022-01-20 15:10:59'),(19,'20220120151138-af040ea916d7ddf1','更新网关路由','更新网关路由','springboot-gateway','default','application','{\"spring.cloud.gateway.routes[0].id\":\"springboot-app\",\"spring.cloud.gateway.routes[0].uri\":\"http://172.20.58.246:8081\",\"spring.cloud.gateway.routes[0].predicates[0]\":\"Path\\u003d/app/**\",\"spring.cloud.gateway.routes[0].filters[0]\":\"StripPrefix\\u003d1\",\"spring.cloud.gateway.routes[1].id\":\"springboot-mock-gateway-dashboard\",\"spring.cloud.gateway.routes[1].uri\":\"http://localhost:8083\",\"spring.cloud.gateway.routes[1].predicates[0]\":\"Path\\u003d/xxx/**\",\"spring.cloud.gateway.routes[1].filters[0]\":\"StripPrefix\\u003d2\"}','\0','\0','apollo','2022-01-20 15:11:38','apollo','2022-01-20 15:11:38'),(20,'20220120151211-af040ea916d7ddf2','删除网关路由','删除网关路由','springboot-gateway','default','application','{\"spring.cloud.gateway.routes[0].id\":\"springboot-app\",\"spring.cloud.gateway.routes[0].uri\":\"http://172.20.58.246:8081\",\"spring.cloud.gateway.routes[0].predicates[0]\":\"Path\\u003d/app/**\",\"spring.cloud.gateway.routes[0].filters[0]\":\"StripPrefix\\u003d1\",\"spring.cloud.gateway.routes[1].id\":\"springboot-mock-gateway-dashboard\"}','\0','\0','apollo','2022-01-20 15:12:12','apollo','2022-01-20 15:12:12'),(21,'20220120151511-af040ea916d7ddf3','新增网关路由','新增网关路由','springboot-gateway','default','application','{\"spring.cloud.gateway.routes[0].id\":\"springboot-app\",\"spring.cloud.gateway.routes[0].uri\":\"http://172.20.58.246:8081\",\"spring.cloud.gateway.routes[0].predicates[0]\":\"Path\\u003d/app/**\",\"spring.cloud.gateway.routes[0].filters[0]\":\"StripPrefix\\u003d1\",\"spring.cloud.gateway.routes[1].id\":\"springboot-mock-gateway-dashboard\",\"spring.cloud.gateway.routes[2].id\":\"springboot-mock-gateway-dashboard\",\"spring.cloud.gateway.routes[2].uri\":\"http://localhost:8082\",\"spring.cloud.gateway.routes[2].predicates[0]\":\"Path\\u003d/dashboard/**\",\"spring.cloud.gateway.routes[2].filters[0]\":\"StripPrefix\\u003d1\"}','\0','\0','apollo','2022-01-20 15:15:12','apollo','2022-01-20 15:15:12'),(22,'20220120151840-af040ea916d7ddf4','20220120151837-release','','springboot-gateway','default','application','{\"spring.cloud.gateway.routes[0].id\":\"springboot-app\",\"spring.cloud.gateway.routes[0].uri\":\"http://172.20.58.246:8081\",\"spring.cloud.gateway.routes[0].predicates[0]\":\"Path\\u003d/app/**\",\"spring.cloud.gateway.routes[0].filters[0]\":\"StripPrefix\\u003d1\"}','\0','\0','apollo','2022-01-20 15:18:40','apollo','2022-01-20 15:18:40'),(23,'20220120152704-af040ea916d7ddf5','新增网关路由','新增网关路由','springboot-gateway','default','application','{\"spring.cloud.gateway.routes[0].id\":\"springboot-app\",\"spring.cloud.gateway.routes[0].uri\":\"http://172.20.58.246:8081\",\"spring.cloud.gateway.routes[0].predicates[0]\":\"Path\\u003d/app/**\",\"spring.cloud.gateway.routes[0].filters[0]\":\"StripPrefix\\u003d1\",\"spring.cloud.gateway.routes[1].id\":\"springboot-mock-gateway-dashboard\",\"spring.cloud.gateway.routes[1].uri\":\"http://localhost:8082\",\"spring.cloud.gateway.routes[1].predicates[0]\":\"Path\\u003d/dashboard/**\",\"spring.cloud.gateway.routes[1].filters[0]\":\"StripPrefix\\u003d1\"}','\0','\0','apollo','2022-01-20 15:27:04','apollo','2022-01-20 15:27:04'),(24,'20220120152740-af040ea916d7ddf6','删除网关路由','删除网关路由','springboot-gateway','default','application','{\"spring.cloud.gateway.routes[0].id\":\"springboot-app\",\"spring.cloud.gateway.routes[0].uri\":\"http://172.20.58.246:8081\",\"spring.cloud.gateway.routes[0].predicates[0]\":\"Path\\u003d/app/**\",\"spring.cloud.gateway.routes[0].filters[0]\":\"StripPrefix\\u003d1\",\"spring.cloud.gateway.routes[1].id\":\"springboot-mock-gateway-dashboard\",\"spring.cloud.gateway.routes[1].uri\":\"-1\",\"spring.cloud.gateway.routes[1].predicates[0]\":\"-1\",\"spring.cloud.gateway.routes[1].filters[0]\":\"-1\"}','\0','\0','apollo','2022-01-20 15:27:40','apollo','2022-01-20 15:27:40'),(25,'20220120160000-af040ea916d7ddf7','20220120155958-release','','springboot-gateway','default','application','{\"spring.cloud.gateway.routes[0].id\":\"springboot-app\",\"spring.cloud.gateway.routes[0].uri\":\"http://172.20.58.246:8081\",\"spring.cloud.gateway.routes[0].predicates[0]\":\"Path\\u003d/app/**\",\"spring.cloud.gateway.routes[0].filters[0]\":\"StripPrefix\\u003d1\"}','\0','\0','apollo','2022-01-20 16:00:00','apollo','2022-01-20 16:00:00'),(26,'20220120160046-af040ea916d7ddf8','新增网关路由','新增网关路由','springboot-gateway','default','application','{\"spring.cloud.gateway.routes[0].id\":\"springboot-app\",\"spring.cloud.gateway.routes[0].uri\":\"http://172.20.58.246:8081\",\"spring.cloud.gateway.routes[0].predicates[0]\":\"Path\\u003d/app/**\",\"spring.cloud.gateway.routes[0].filters[0]\":\"StripPrefix\\u003d1\",\"spring.cloud.gateway.routes[1].id\":\"springboot-mock-gateway-dashboard\",\"spring.cloud.gateway.routes[1].uri\":\"http://localhost:8082\",\"spring.cloud.gateway.routes[1].predicates[0]\":\"Path\\u003d/dashboard/**\",\"spring.cloud.gateway.routes[1].filters[0]\":\"StripPrefix\\u003d1\"}','\0','\0','apollo','2022-01-20 16:00:47','apollo','2022-01-20 16:00:47'),(27,'20220120160203-af040ea916d7ddf9','新增网关路由','新增网关路由','springboot-gateway','default','application','{\"spring.cloud.gateway.routes[0].id\":\"springboot-app\",\"spring.cloud.gateway.routes[0].uri\":\"http://172.20.58.246:8081\",\"spring.cloud.gateway.routes[0].predicates[0]\":\"Path\\u003d/app/**\",\"spring.cloud.gateway.routes[0].filters[0]\":\"StripPrefix\\u003d1\",\"spring.cloud.gateway.routes[1].id\":\"springboot-mock-gateway-dashboard\",\"spring.cloud.gateway.routes[1].uri\":\"http://localhost:8082\",\"spring.cloud.gateway.routes[1].predicates[0]\":\"Path\\u003d/dashboard/**\",\"spring.cloud.gateway.routes[1].filters[0]\":\"StripPrefix\\u003d1\",\"spring.cloud.gateway.routes[2].id\":\"springboot-mock-gateway-dashboard\",\"spring.cloud.gateway.routes[2].uri\":\"http://localhost:8082\",\"spring.cloud.gateway.routes[2].predicates[0]\":\"Path\\u003d/dashboard/**\",\"spring.cloud.gateway.routes[2].filters[0]\":\"StripPrefix\\u003d1\"}','\0','\0','apollo','2022-01-20 16:02:03','apollo','2022-01-20 16:02:03'),(28,'20220120172132-af040ea916dfcfff','20220120172130-release','','springboot-gateway','default','application','{\"spring.cloud.gateway.routes[0].id\":\"springboot-app\",\"spring.cloud.gateway.routes[0].uri\":\"http://172.20.58.246:8081\",\"spring.cloud.gateway.routes[0].predicates[0]\":\"Path\\u003d/app/**\",\"spring.cloud.gateway.routes[0].filters[0]\":\"StripPrefix\\u003d1\"}','\0','\0','apollo','2022-01-20 17:21:33','apollo','2022-01-20 17:21:33'),(29,'20220120172459-af040ea916dfd000','新增网关路由','新增网关路由','springboot-gateway','default','application','{\"spring.cloud.gateway.routes[0].id\":\"springboot-app\",\"spring.cloud.gateway.routes[0].uri\":\"http://172.20.58.246:8081\",\"spring.cloud.gateway.routes[0].predicates[0]\":\"Path\\u003d/app/**\",\"spring.cloud.gateway.routes[0].filters[0]\":\"StripPrefix\\u003d1\",\"spring.cloud.gateway.routes[1].id\":\"springboot-mock-gateway-dashboard\",\"spring.cloud.gateway.routes[1].uri\":\"http://localhost:8082\",\"spring.cloud.gateway.routes[1].predicates[0]\":\"Path\\u003d/dashboard/**\",\"spring.cloud.gateway.routes[1].filters[0]\":\"StripPrefix\\u003d1\"}','\0','\0','apollo','2022-01-20 17:24:59','apollo','2022-01-20 17:24:59'),(30,'20220120172701-af040ea916dfd001','更新网关路由','更新网关路由','springboot-gateway','default','application','{\"spring.cloud.gateway.routes[0].id\":\"springboot-app\",\"spring.cloud.gateway.routes[0].uri\":\"http://172.20.58.246:8081\",\"spring.cloud.gateway.routes[0].predicates[0]\":\"Path\\u003d/app/**\",\"spring.cloud.gateway.routes[0].filters[0]\":\"StripPrefix\\u003d1\",\"spring.cloud.gateway.routes[1].id\":\"springboot-mock-gateway-dashboard\",\"spring.cloud.gateway.routes[1].uri\":\"http://localhost:8082\",\"spring.cloud.gateway.routes[1].predicates[0]\":\"Path\\u003d/xxx/**\",\"spring.cloud.gateway.routes[1].filters[0]\":\"StripPrefix\\u003d1\"}','\0','\0','apollo','2022-01-20 17:27:01','apollo','2022-01-20 17:27:01'),(31,'20220120172822-af040ea916dfd002','删除网关路由','删除网关路由','springboot-gateway','default','application','{\"spring.cloud.gateway.routes[0].id\":\"springboot-app\",\"spring.cloud.gateway.routes[0].uri\":\"http://172.20.58.246:8081\",\"spring.cloud.gateway.routes[0].predicates[0]\":\"Path\\u003d/app/**\",\"spring.cloud.gateway.routes[0].filters[0]\":\"StripPrefix\\u003d1\",\"spring.cloud.gateway.routes[1].id\":\"springboot-mock-gateway-dashboard\",\"spring.cloud.gateway.routes[1].uri\":\"http://null\",\"spring.cloud.gateway.routes[1].predicates[0]\":\"Path\\u003d/-9999\",\"spring.cloud.gateway.routes[1].filters[0]\":\"StripPrefix\\u003d1\"}','\0','\0','apollo','2022-01-20 17:28:23','apollo','2022-01-20 17:28:23');

/*Table structure for table `releasehistory` */

DROP TABLE IF EXISTS `releasehistory`;

CREATE TABLE `releasehistory` (
  `Id` int unsigned NOT NULL AUTO_INCREMENT COMMENT '自增Id',
  `AppId` varchar(64) NOT NULL DEFAULT 'default' COMMENT 'AppID',
  `ClusterName` varchar(32) NOT NULL DEFAULT 'default' COMMENT 'ClusterName',
  `NamespaceName` varchar(32) NOT NULL DEFAULT 'default' COMMENT 'namespaceName',
  `BranchName` varchar(32) NOT NULL DEFAULT 'default' COMMENT '发布分支名',
  `ReleaseId` int unsigned NOT NULL DEFAULT '0' COMMENT '关联的Release Id',
  `PreviousReleaseId` int unsigned NOT NULL DEFAULT '0' COMMENT '前一次发布的ReleaseId',
  `Operation` tinyint unsigned NOT NULL DEFAULT '0' COMMENT '发布类型，0: 普通发布，1: 回滚，2: 灰度发布，3: 灰度规则更新，4: 灰度合并回主分支发布，5: 主分支发布灰度自动发布，6: 主分支回滚灰度自动发布，7: 放弃灰度',
  `OperationContext` longtext NOT NULL COMMENT '发布上下文信息',
  `IsDeleted` bit(1) NOT NULL DEFAULT b'0' COMMENT '1: deleted, 0: normal',
  `DataChange_CreatedBy` varchar(64) NOT NULL DEFAULT 'default' COMMENT '创建人邮箱前缀',
  `DataChange_CreatedTime` timestamp NOT NULL DEFAULT CURRENT_TIMESTAMP COMMENT '创建时间',
  `DataChange_LastModifiedBy` varchar(64) DEFAULT '' COMMENT '最后修改人邮箱前缀',
  `DataChange_LastTime` timestamp NULL DEFAULT CURRENT_TIMESTAMP ON UPDATE CURRENT_TIMESTAMP COMMENT '最后修改时间',
  PRIMARY KEY (`Id`),
  KEY `IX_Namespace` (`AppId`,`ClusterName`,`NamespaceName`,`BranchName`),
  KEY `IX_ReleaseId` (`ReleaseId`),
  KEY `IX_DataChange_LastTime` (`DataChange_LastTime`)
) ENGINE=InnoDB AUTO_INCREMENT=32 DEFAULT CHARSET=utf8mb4 COLLATE=utf8mb4_0900_ai_ci COMMENT='发布历史';

/*Data for the table `releasehistory` */

insert  into `releasehistory`(`Id`,`AppId`,`ClusterName`,`NamespaceName`,`BranchName`,`ReleaseId`,`PreviousReleaseId`,`Operation`,`OperationContext`,`IsDeleted`,`DataChange_CreatedBy`,`DataChange_CreatedTime`,`DataChange_LastModifiedBy`,`DataChange_LastTime`) values (1,'SampleApp','default','application','default',1,0,0,'{}','\0','apollo','2022-01-07 15:41:55','apollo','2022-01-07 15:41:55'),(2,'springboot-gateway','default','application','default',2,0,0,'{\"isEmergencyPublish\":false}','\0','apollo','2022-01-07 16:17:49','apollo','2022-01-07 16:17:49'),(3,'springboot-gateway','default','application','default',3,2,0,'{\"isEmergencyPublish\":false}','\0','apollo','2022-01-19 16:59:33','apollo','2022-01-19 16:59:33'),(4,'springboot-gateway','default','application','default',4,3,0,'{\"isEmergencyPublish\":false}','\0','apollo','2022-01-19 18:03:11','apollo','2022-01-19 18:03:11'),(5,'springboot-gateway','default','application','default',5,4,0,'{\"isEmergencyPublish\":false}','\0','apollo','2022-01-19 18:20:36','apollo','2022-01-19 18:20:36'),(6,'springboot-gateway','default','application','default',6,5,0,'{\"isEmergencyPublish\":false}','\0','apollo','2022-01-19 18:28:05','apollo','2022-01-19 18:28:05'),(7,'springboot-gateway','default','application','default',7,6,0,'{\"isEmergencyPublish\":false}','\0','apollo','2022-01-19 18:29:13','apollo','2022-01-19 18:29:13'),(8,'springboot-gateway','default','application','default',8,7,0,'{\"isEmergencyPublish\":false}','\0','apollo','2022-01-19 18:30:30','apollo','2022-01-19 18:30:30'),(9,'springboot-gateway','default','application','default',9,8,0,'{\"isEmergencyPublish\":false}','\0','apollo','2022-01-19 18:31:39','apollo','2022-01-19 18:31:39'),(10,'springboot-gateway','default','application','default',10,9,0,'{\"isEmergencyPublish\":false}','\0','apollo','2022-01-20 13:38:19','apollo','2022-01-20 13:38:19'),(11,'springboot-gateway','default','application','default',11,10,0,'{\"isEmergencyPublish\":false}','\0','apollo','2022-01-20 14:27:14','apollo','2022-01-20 14:27:14'),(12,'springboot-gateway','default','application','default',12,11,0,'{\"isEmergencyPublish\":false}','\0','apollo','2022-01-20 14:53:55','apollo','2022-01-20 14:53:55'),(13,'springboot-gateway','default','application','default',13,12,0,'{\"isEmergencyPublish\":false}','\0','apollo','2022-01-20 14:54:12','apollo','2022-01-20 14:54:12'),(14,'springboot-gateway','default','application','default',14,13,0,'{\"isEmergencyPublish\":false}','\0','apollo','2022-01-20 14:58:04','apollo','2022-01-20 14:58:04'),(15,'springboot-gateway','default','application','default',15,14,0,'{\"isEmergencyPublish\":false}','\0','apollo','2022-01-20 14:59:11','apollo','2022-01-20 14:59:11'),(16,'springboot-gateway','default','application','default',16,15,0,'{\"isEmergencyPublish\":false}','\0','apollo','2022-01-20 14:59:47','apollo','2022-01-20 14:59:47'),(17,'springboot-gateway','default','application','default',17,16,0,'{\"isEmergencyPublish\":false}','\0','apollo','2022-01-20 15:00:39','apollo','2022-01-20 15:00:39'),(18,'springboot-gateway','default','application','default',18,17,0,'{\"isEmergencyPublish\":false}','\0','apollo','2022-01-20 15:10:59','apollo','2022-01-20 15:10:59'),(19,'springboot-gateway','default','application','default',19,18,0,'{\"isEmergencyPublish\":false}','\0','apollo','2022-01-20 15:11:38','apollo','2022-01-20 15:11:38'),(20,'springboot-gateway','default','application','default',20,19,0,'{\"isEmergencyPublish\":false}','\0','apollo','2022-01-20 15:12:12','apollo','2022-01-20 15:12:12'),(21,'springboot-gateway','default','application','default',21,20,0,'{\"isEmergencyPublish\":false}','\0','apollo','2022-01-20 15:15:12','apollo','2022-01-20 15:15:12'),(22,'springboot-gateway','default','application','default',22,21,0,'{\"isEmergencyPublish\":false}','\0','apollo','2022-01-20 15:18:40','apollo','2022-01-20 15:18:40'),(23,'springboot-gateway','default','application','default',23,22,0,'{\"isEmergencyPublish\":false}','\0','apollo','2022-01-20 15:27:04','apollo','2022-01-20 15:27:04'),(24,'springboot-gateway','default','application','default',24,23,0,'{\"isEmergencyPublish\":false}','\0','apollo','2022-01-20 15:27:40','apollo','2022-01-20 15:27:40'),(25,'springboot-gateway','default','application','default',25,24,0,'{\"isEmergencyPublish\":false}','\0','apollo','2022-01-20 16:00:00','apollo','2022-01-20 16:00:00'),(26,'springboot-gateway','default','application','default',26,25,0,'{\"isEmergencyPublish\":false}','\0','apollo','2022-01-20 16:00:47','apollo','2022-01-20 16:00:47'),(27,'springboot-gateway','default','application','default',27,26,0,'{\"isEmergencyPublish\":false}','\0','apollo','2022-01-20 16:02:03','apollo','2022-01-20 16:02:03'),(28,'springboot-gateway','default','application','default',28,27,0,'{\"isEmergencyPublish\":false}','\0','apollo','2022-01-20 17:21:33','apollo','2022-01-20 17:21:33'),(29,'springboot-gateway','default','application','default',29,28,0,'{\"isEmergencyPublish\":false}','\0','apollo','2022-01-20 17:24:59','apollo','2022-01-20 17:24:59'),(30,'springboot-gateway','default','application','default',30,29,0,'{\"isEmergencyPublish\":false}','\0','apollo','2022-01-20 17:27:01','apollo','2022-01-20 17:27:01'),(31,'springboot-gateway','default','application','default',31,30,0,'{\"isEmergencyPublish\":false}','\0','apollo','2022-01-20 17:28:23','apollo','2022-01-20 17:28:23');

/*Table structure for table `releasemessage` */

DROP TABLE IF EXISTS `releasemessage`;

CREATE TABLE `releasemessage` (
  `Id` int unsigned NOT NULL AUTO_INCREMENT COMMENT '自增主键',
  `Message` varchar(1024) NOT NULL DEFAULT '' COMMENT '发布的消息内容',
  `DataChange_LastTime` timestamp NOT NULL DEFAULT CURRENT_TIMESTAMP ON UPDATE CURRENT_TIMESTAMP COMMENT '最后修改时间',
  PRIMARY KEY (`Id`),
  KEY `DataChange_LastTime` (`DataChange_LastTime`),
  KEY `IX_Message` (`Message`(191))
) ENGINE=InnoDB AUTO_INCREMENT=32 DEFAULT CHARSET=utf8mb4 COLLATE=utf8mb4_0900_ai_ci COMMENT='发布消息';

/*Data for the table `releasemessage` */

insert  into `releasemessage`(`Id`,`Message`,`DataChange_LastTime`) values (1,'SampleApp+default+application','2022-01-07 15:41:55'),(30,'springboot-gateway+default+application','2022-01-20 17:27:01'),(31,'springboot-gateway+default+application','2022-01-20 17:28:23');

/*Table structure for table `serverconfig` */

DROP TABLE IF EXISTS `serverconfig`;

CREATE TABLE `serverconfig` (
  `Id` int unsigned NOT NULL AUTO_INCREMENT COMMENT '自增Id',
  `Key` varchar(64) NOT NULL DEFAULT 'default' COMMENT '配置项Key',
  `Cluster` varchar(32) NOT NULL DEFAULT 'default' COMMENT '配置对应的集群，default为不针对特定的集群',
  `Value` varchar(2048) NOT NULL DEFAULT 'default' COMMENT '配置项值',
  `Comment` varchar(1024) DEFAULT '' COMMENT '注释',
  `IsDeleted` bit(1) NOT NULL DEFAULT b'0' COMMENT '1: deleted, 0: normal',
  `DataChange_CreatedBy` varchar(64) NOT NULL DEFAULT 'default' COMMENT '创建人邮箱前缀',
  `DataChange_CreatedTime` timestamp NOT NULL DEFAULT CURRENT_TIMESTAMP COMMENT '创建时间',
  `DataChange_LastModifiedBy` varchar(64) DEFAULT '' COMMENT '最后修改人邮箱前缀',
  `DataChange_LastTime` timestamp NULL DEFAULT CURRENT_TIMESTAMP ON UPDATE CURRENT_TIMESTAMP COMMENT '最后修改时间',
  PRIMARY KEY (`Id`),
  KEY `IX_Key` (`Key`),
  KEY `DataChange_LastTime` (`DataChange_LastTime`)
) ENGINE=InnoDB AUTO_INCREMENT=6 DEFAULT CHARSET=utf8mb4 COLLATE=utf8mb4_0900_ai_ci COMMENT='配置服务自身配置';

/*Data for the table `serverconfig` */

insert  into `serverconfig`(`Id`,`Key`,`Cluster`,`Value`,`Comment`,`IsDeleted`,`DataChange_CreatedBy`,`DataChange_CreatedTime`,`DataChange_LastModifiedBy`,`DataChange_LastTime`) values (1,'eureka.service.url','default','http://localhost:8080/eureka/','Eureka服务Url，多个service以英文逗号分隔','\0','default','2022-01-07 15:41:55','','2022-01-07 15:41:55'),(2,'namespace.lock.switch','default','false','一次发布只能有一个人修改开关','\0','default','2022-01-07 15:41:55','','2022-01-07 15:41:55'),(3,'item.key.length.limit','default','128','item key 最大长度限制','\0','default','2022-01-07 15:41:55','','2022-01-07 15:41:55'),(4,'item.value.length.limit','default','20000','item value最大长度限制','\0','default','2022-01-07 15:41:55','','2022-01-07 15:41:55'),(5,'config-service.cache.enabled','default','false','ConfigService是否开启缓存，开启后能提高性能，但是会增大内存消耗！','\0','default','2022-01-07 15:41:55','','2022-01-07 15:41:55');

/*!40101 SET SQL_MODE=@OLD_SQL_MODE */;
/*!40014 SET FOREIGN_KEY_CHECKS=@OLD_FOREIGN_KEY_CHECKS */;
/*!40014 SET UNIQUE_CHECKS=@OLD_UNIQUE_CHECKS */;
/*!40111 SET SQL_NOTES=@OLD_SQL_NOTES */;
